"bluestock fintech — nifty 100  |  cash flow  |  1,187 records",unnamed: 1,unnamed: 2,unnamed: 3,unnamed: 4,unnamed: 5,unnamed: 6,year_label,fiscal_year
id,company_id,year,operating_activity,investing_activity,financing_activity,net_cash_flow,company_id,
37,TCS,Mar-13,11615,-6038,-5729,-152,TCS,
38,TCS,Mar-14,14751,-9452,-5673,-374,TCS,
39,TCS,Mar-15,19369,-1807,-17168,394,TCS,
40,TCS,Mar-16,19109,-5010,-9666,4433,TCS,
41,TCS,Mar-17,25223,-16895,-11026,-2698,TCS,
42,TCS,Mar-18,25067,3104,-26885,1286,TCS,
43,TCS,Mar-19,28593,1645,-27897,2341,TCS,
44,TCS,Mar-20,32369,8968,-39915,1422,TCS,
45,TCS,Mar-21,38802,-7956,-32634,-1788,TCS,
46,TCS,Mar-22,39949,-738,-33581,5630,TCS,
47,TCS,Mar-23,41965,548,-47878,-5365,TCS,
48,TCS,Mar-24,44338,6091,-48536,1893,TCS,
61,ABB,Dec 2012,101,-59,-42,1,ABB,
62,ABB,Mar 2014,155,-144,-42,-31,ABB,
63,ABB,Mar 2015,215,-187,-58,-30,ABB,
64,ABB,Mar 2016,249,-77,-80,91,ABB,
65,ABB,Mar 2017,307,-155,-90,62,ABB,
66,ABB,Mar 2018,153,-215,-102,-165,ABB,
67,ABB,Mar 2019,499,-257,-143,99,ABB,
68,ABB,Mar 2020,626,-401,-217,8,ABB,
69,ABB,Mar 2021,727,-72,-582,73,ABB,
70,ABB,Mar 2022,948,-396,-637,-86,ABB,
71,ABB,Mar 2023,893,-148,-639,107,ABB,
72,ABB,Mar 2024,1213,-416,-745,52,ABB,
73,ABB,Mar 2014,0,0,0,0,ABB,
74,ABB,Mar 2015,-35,-1864,1902,3,ABB,
75,ABB,Mar 2016,1544,-816,-722,6,ABB,
76,ABB,Mar 2017,2189,-1730,-455,4,ABB,
77,ABB,Mar 2018,2198,-3192,1589,596,ABB,
78,ABB,Mar 2019,2591,-3050,38,-421,ABB,
79,ABB,Mar 2020,5437,-5643,1250,1045,ABB,
80,ABB,Mar 2021,3784,-4009,-745,-969,ABB,
81,ABB,Mar 2022,4097,-3936,-235,-75,ABB,
82,ABB,Mar 2023,3777,-4699,923,2,ABB,
83,ABB,Mar 2024,6038,-4943,-543,551,ABB,
84,ADANIENSOL,Mar 2014,0,0,0,0,ADANIENSOL,
85,ADANIENSOL,Mar 2015,-35,-1864,1902,3,ADANIENSOL,
86,ADANIENSOL,Mar 2016,1544,-816,-722,6,ADANIENSOL,
87,ADANIENSOL,Mar 2017,2189,-1730,-455,4,ADANIENSOL,
88,ADANIENSOL,Mar 2018,2198,-3192,1589,596,ADANIENSOL,
89,ADANIENSOL,Mar 2019,2591,-3050,38,-421,ADANIENSOL,
90,ADANIENSOL,Mar 2020,5437,-5643,1250,1045,ADANIENSOL,
91,ADANIENSOL,Mar 2021,3784,-4009,-745,-969,ADANIENSOL,
92,ADANIENSOL,Mar 2022,4097,-3936,-235,-75,ADANIENSOL,
93,ADANIENSOL,Mar 2023,3777,-4699,923,2,ADANIENSOL,
94,ADANIENSOL,Mar 2024,6038,-4943,-543,551,ADANIENSOL,
95,ADANIENT,Mar 2013,7666,-14790,7199,75,ADANIENT,
96,ADANIENT,Mar 2014,8228,-8007,-1109,-888,ADANIENT,
97,ADANIENT,Mar 2015,8532,-11465,3445,512,ADANIENT,
98,ADANIENT,Mar 2016,5112,-1825,-3448,-161,ADANIENT,
99,ADANIENT,Mar 2017,774,-1460,716,30,ADANIENT,
100,ADANIENT,Mar 2018,2942,-7649,5120,413,ADANIENT,
101,ADANIENT,Mar 2019,3236,2487,-6158,-436,ADANIENT,
102,ADANIENT,Mar 2020,2454,-1082,-221,1151,ADANIENT,
103,ADANIENT,Mar 2021,4043,-8611,3109,-1459,ADANIENT,
104,ADANIENT,Mar 2022,1385,-17041,15901,246,ADANIENT,
105,ADANIENT,Mar 2023,17626,-15459,-1198,970,ADANIENT,
106,ADANIENT,Mar 2024,10312,-18767,8879,424,ADANIENT,
107,ADANIGREEN,Mar 2017,28,-1511,1559,76,ADANIGREEN,
108,ADANIGREEN,Mar 2018,649,-4428,3942,162,ADANIGREEN,
109,ADANIGREEN,Mar 2019,1625,-2666,1045,3,ADANIGREEN,
110,ADANIGREEN,Mar 2020,1965,-3743,2161,383,ADANIGREEN,
111,ADANIGREEN,Mar 2021,1601,-9137,7083,-453,ADANIGREEN,
112,ADANIGREEN,Mar 2022,3127,-18730,15986,383,ADANIGREEN,
113,ADANIGREEN,Mar 2023,7265,-3857,-2973,435,ADANIGREEN,
114,ADANIGREEN,Mar 2024,7713,-21060,13953,606,ADANIGREEN,
115,ADANIPORTS,Mar 2013,1379,-5136,4138,381,ADANIPORTS,
116,ADANIPORTS,Mar 2014,1132,-2510,772,-606,ADANIPORTS,
117,ADANIPORTS,Mar 2015,3057,-2485,-237,335,ADANIPORTS,
118,ADANIPORTS,Mar 2016,2381,-4153,2170,398,ADANIPORTS,
119,ADANIPORTS,Mar 2017,4063,-2629,-1325,109,ADANIPORTS,
120,ADANIPORTS,Mar 2018,5608,-3846,-1889,-127,ADANIPORTS,
121,ADANIPORTS,Mar 2019,6029,-4368,2313,3975,ADANIPORTS,
122,ADANIPORTS,Mar 2020,7402,-749,-4256,2397,ADANIPORTS,
123,ADANIPORTS,Mar 2021,7556,-14064,3514,-2994,ADANIPORTS,
124,ADANIPORTS,Mar 2022,10420,-5493,-586,4341,ADANIPORTS,
125,ADANIPORTS,Mar 2023,11900,-16716,-2734,-7550,ADANIPORTS,
126,ADANIPORTS,Mar 2024,15018,-6768,-7800,450,ADANIPORTS,
127,ADANIPOWER,Mar 2013,3001,-4064,861,-203,ADANIPOWER,
128,ADANIPOWER,Mar 2014,3238,-4700,1631,169,ADANIPOWER,
129,ADANIPOWER,Mar 2015,5824,-4737,-1144,-58,ADANIPOWER,
130,ADANIPOWER,Mar 2016,5257,-2692,-2713,-148,ADANIPOWER,
131,ADANIPOWER,Mar 2017,4725,-1212,-3539,-26,ADANIPOWER,
132,ADANIPOWER,Mar 2018,5101,-520,-4600,-19,ADANIPOWER,
133,ADANIPOWER,Mar 2019,5610,-984,-4663,-37,ADANIPOWER,
134,ADANIPOWER,Mar 2020,5598,-2304,-2377,917,ADANIPOWER,
135,ADANIPOWER,Mar 2021,7014,-2188,-5655,-828,ADANIPOWER,
136,ADANIPOWER,Mar 2022,10233,774,-10338,669,ADANIPOWER,
137,ADANIPOWER,Mar 2023,8431,1545,-10408,-433,ADANIPOWER,
138,ADANIPOWER,Mar 2024,14170,3481,-16864,787,ADANIPOWER,
139,AMBUJACEM,Dec 2012,1860,-388,-509,962,AMBUJACEM,
140,AMBUJACEM,Dec 2013,1267,-496,-672,99,AMBUJACEM,
141,AMBUJACEM,Dec 2014,1675,-456,-721,498,AMBUJACEM,
142,AMBUJACEM,Dec 2015,1557,-83,-900,574,AMBUJACEM,
143,AMBUJACEM,Dec 2016,2810,-4165,-958,-2312,AMBUJACEM,
144,AMBUJACEM,Dec 2017,3416,-738,-1015,1663,AMBUJACEM,
145,AMBUJACEM,Dec 2018,1703,-765,-719,220,AMBUJACEM,
146,AMBUJACEM,Dec 2019,4739,-1191,-629,2919,AMBUJACEM,
147,AMBUJACEM,Dec 2020,4832,-1317,-3956,-441,AMBUJACEM,
148,AMBUJACEM,Dec 2021,5309,-2007,-516,2786,AMBUJACEM,
149,AMBUJACEM,Mar 2023,735,-14481,2931,-10815,AMBUJACEM,
150,AMBUJACEM,Mar 2024,5646,-8941,5689,2394,AMBUJACEM,
151,APOLLOHOSP,Mar 2013,443,-733,373,83,APOLLOHOSP,
152,APOLLOHOSP,Mar 2014,373,-356,-63,-46,APOLLOHOSP,
153,APOLLOHOSP,Mar 2015,470,-759,392,103,APOLLOHOSP,
154,APOLLOHOSP,Mar 2016,597,-888,330,39,APOLLOHOSP,
155,APOLLOHOSP,Mar 2017,623,-1152,477,-52,APOLLOHOSP,
156,APOLLOHOSP,Mar 2018,537,-405,-108,24,APOLLOHOSP,
157,APOLLOHOSP,Mar 2019,905,-711,-215,-20,APOLLOHOSP,
158,APOLLOHOSP,Mar 2020,1293,-289,-910,94,APOLLOHOSP,
159,APOLLOHOSP,Mar 2021,1265,-880,-340,44,APOLLOHOSP,
160,APOLLOHOSP,Mar 2022,1696,-747,-792,158,APOLLOHOSP,
161,APOLLOHOSP,Mar 2023,1377,-857,-633,-113,APOLLOHOSP,
162,APOLLOHOSP,Mar 2024,1920,-1537,-311,72,APOLLOHOSP,
163,ASIANPAINT,Mar 2013,1187,-463,-601,123,ASIANPAINT,
164,ASIANPAINT,Mar 2014,1402,-586,-626,190,ASIANPAINT,
165,ASIANPAINT,Mar 2015,1188,-465,-576,147,ASIANPAINT,
166,ASIANPAINT,Mar 2016,2243,-866,-849,528,ASIANPAINT,
167,ASIANPAINT,Mar 2017,1527,-681,-756,90,ASIANPAINT,
168,ASIANPAINT,Mar 2018,2113,-1556,-1379,-822,ASIANPAINT,
169,ASIANPAINT,Mar 2019,2470,-918,-1117,434,ASIANPAINT,
170,ASIANPAINT,Mar 2020,3038,-518,-2871,-351,ASIANPAINT,
171,ASIANPAINT,Mar 2021,3683,-541,-650,2492,ASIANPAINT,
172,ASIANPAINT,Mar 2022,986,-317,-1808,-1138,ASIANPAINT,
173,ASIANPAINT,Mar 2023,4193,-1282,-2140,771,ASIANPAINT,
174,ASIANPAINT,Mar 2024,6104,-2548,-2982,573,ASIANPAINT,
189,AGTL,Mar 2018,277,-988,779,68,AGTL,
190,AGTL,Mar 2019,356,791,-1077,70,AGTL,
191,AGTL,Mar 2020,492,-461,-102,-71,AGTL,
192,AGTL,Mar 2021,654,-770,39,-78,AGTL,
193,AGTL,Mar 2022,732,-1133,422,21,AGTL,
194,AGTL,Mar 2023,853,-1167,295,-19,AGTL,
195,AGTL,Mar 2024,955,-752,-78,125,AGTL,
196,AXISBANK,Mar 2013,2573,-10939,14931,6566,AXISBANK,
197,AXISBANK,Mar 2014,14464,-14166,7785,8082,AXISBANK,
198,AXISBANK,Mar 2015,-15162,-7972,31045,7910,AXISBANK,
199,AXISBANK,Mar 2016,-34495,9211,22495,-2789,AXISBANK,
200,AXISBANK,Mar 2017,32209,-12458,-2487,17263,AXISBANK,
201,AXISBANK,Mar 2018,-38390,-10007,41342,-7055,AXISBANK,
202,AXISBANK,Mar 2019,37125,-18674,5643,24094,AXISBANK,
203,AXISBANK,Mar 2020,30416,-9485,8865,29795,AXISBANK,
204,AXISBANK,Mar 2021,12633,-54288,7279,-34375,AXISBANK,
205,AXISBANK,Mar 2022,28137,-27112,47894,48919,AXISBANK,
206,AXISBANK,Mar 2023,22075,-32351,6641,-3636,AXISBANK,
207,AXISBANK,Mar 2024,-5555,-9001,22341,7785,AXISBANK,
208,BAJAJ-AUTO,Mar 2013,2218,-1394,-1445,-621,BAJAJ-AUTO,
209,BAJAJ-AUTO,Mar 2014,3502,-2072,-1496,-66,BAJAJ-AUTO,
210,BAJAJ-AUTO,Mar 2015,2114,-380,-1644,90,BAJAJ-AUTO,
211,BAJAJ-AUTO,Mar 2016,3690,-68,-3384,238,BAJAJ-AUTO,
212,BAJAJ-AUTO,Mar 2017,3267,-3610,-190,-532,BAJAJ-AUTO,
213,BAJAJ-AUTO,Mar 2018,4328,-1954,-1885,488,BAJAJ-AUTO,
214,BAJAJ-AUTO,Mar 2019,2487,-273,-2074,140,BAJAJ-AUTO,
215,BAJAJ-AUTO,Mar 2020,3850,1766,-6247,-630,BAJAJ-AUTO,
216,BAJAJ-AUTO,Mar 2021,3120,-2869,-20,231,BAJAJ-AUTO,
217,BAJAJ-AUTO,Mar 2022,4197,276,-4056,417,BAJAJ-AUTO,
218,BAJAJ-AUTO,Mar 2023,5277,1211,-7181,-692,BAJAJ-AUTO,
219,BAJAJ-AUTO,Mar 2024,6558,-72,-6167,319,BAJAJ-AUTO,
220,BAJAJ-AUTO,Mar 2013,2218,-1394,-1445,-621,BAJAJ-AUTO,
221,BAJAJ-AUTO,Mar 2014,3502,-2072,-1496,-66,BAJAJ-AUTO,
222,BAJAJ-AUTO,Mar 2015,2114,-380,-1644,90,BAJAJ-AUTO,
223,BAJAJ-AUTO,Mar 2016,3690,-68,-3384,238,BAJAJ-AUTO,
224,BAJAJ-AUTO,Mar 2017,3267,-3610,-190,-532,BAJAJ-AUTO,
225,BAJAJ-AUTO,Mar 2018,4328,-1954,-1885,488,BAJAJ-AUTO,
226,BAJAJ-AUTO,Mar 2019,2487,-273,-2074,140,BAJAJ-AUTO,
227,BAJAJ-AUTO,Mar 2020,3850,1766,-6247,-630,BAJAJ-AUTO,
228,BAJAJ-AUTO,Mar 2021,3120,-2869,-20,231,BAJAJ-AUTO,
229,BAJAJ-AUTO,Mar 2022,4197,276,-4056,417,BAJAJ-AUTO,
230,BAJAJ-AUTO,Mar 2023,5277,1211,-7181,-692,BAJAJ-AUTO,
231,BAJAJ-AUTO,Mar 2024,6558,-72,-6167,319,BAJAJ-AUTO,
232,BAJAJFINSV,Mar 2013,-6922,2953,4592,623,BAJAJFINSV,
233,BAJAJFINSV,Mar 2014,-9807,3764,6521,478,BAJAJFINSV,
234,BAJAJFINSV,Mar 2015,-10731,3709,6839,-183,BAJAJFINSV,
235,BAJAJFINSV,Mar 2016,-9795,-886,11602,921,BAJAJFINSV,
236,BAJAJFINSV,Mar 2017,-10922,151,12513,1742,BAJAJFINSV,
237,BAJAJFINSV,Mar 2018,-19580,-922,19590,-911,BAJAJFINSV,
238,BAJAJFINSV,Mar 2019,-27076,-6903,34535,555,BAJAJFINSV,
239,BAJAJFINSV,Mar 2020,-23369,-9948,34479,1162,BAJAJFINSV,
240,BAJAJFINSV,Mar 2021,4547,-3684,1687,2551,BAJAJFINSV,
241,BAJAJFINSV,Mar 2022,-33670,1445,32326,101,BAJAJFINSV,
242,BAJAJFINSV,Mar 2023,-39480,-13945,51016,-2409,BAJAJFINSV,
243,BAJAJFINSV,Mar 2024,-68674,-10960,82709,3075,BAJAJFINSV,
244,BAJAJHLDNG,Mar 2013,473,-369,-332,-228,BAJAJHLDNG,
245,BAJAJHLDNG,Mar 2014,872,-519,-326,27,BAJAJHLDNG,
246,BAJAJHLDNG,Mar 2015,796,-464,-391,-59,BAJAJHLDNG,
247,BAJAJHLDNG,Mar 2016,1147,1019,-761,1406,BAJAJHLDNG,
248,BAJAJHLDNG,Mar 2017,-923,-372,-110,-1406,BAJAJHLDNG,
249,BAJAJHLDNG,Mar 2018,1631,-1123,-434,74,BAJAJHLDNG,
250,BAJAJHLDNG,Mar 2019,628,-163,-536,-72,BAJAJHLDNG,
251,BAJAJHLDNG,Mar 2020,1920,-800,-1028,92,BAJAJHLDNG,
252,BAJAJHLDNG,Mar 2021,272,-308,-37,-73,BAJAJHLDNG,
253,BAJAJHLDNG,Mar 2022,1610,-151,-1460,-1,BAJAJHLDNG,
254,BAJAJHLDNG,Mar 2023,1728,-137,-1587,4,BAJAJHLDNG,
255,BAJAJHLDNG,Mar 2024,1941,-472,-1455,14,BAJAJHLDNG,
256,BAJFINANCE,Mar 2015,-7064,-360,6867,-557,BAJFINANCE,
257,BAJFINANCE,Mar 2016,-9870,-687,11656,1100,BAJFINANCE,
258,BAJFINANCE,Mar 2017,-10439,-3047,12513,-972,BAJFINANCE,
259,BAJFINANCE,Mar 2018,-20566,1075,19503,13,BAJFINANCE,
260,BAJFINANCE,Mar 2019,-29062,-5379,34449,9,BAJFINANCE,
261,BAJFINANCE,Mar 2020,-24412,-8758,34167,998,BAJFINANCE,
262,BAJFINANCE,Mar 2021,-807,-429,1741,505,BAJFINANCE,
263,BAJFINANCE,Mar 2022,-37090,6347,32275,1532,BAJFINANCE,
264,BAJFINANCE,Mar 2023,-42112,-10394,50675,-1831,BAJFINANCE,
265,BAJFINANCE,Mar 2024,-72760,-7171,82415,2484,BAJFINANCE,
266,BANKBARODA,Mar 2013,23196,-514,-790,21892,BANKBARODA,
267,BANKBARODA,Mar 2014,42233,-730,5151,46654,BANKBARODA,
268,BANKBARODA,Mar 2015,17838,-556,-6,17276,BANKBARODA,
269,BANKBARODA,Mar 2016,-10011,-4005,-616,-14632,BANKBARODA,
270,BANKBARODA,Mar 2017,17865,-551,-198,17116,BANKBARODA,
271,BANKBARODA,Mar 2018,-59692,-414,3413,-56692,BANKBARODA,
272,BANKBARODA,Mar 2019,-1449,-2537,4449,462,BANKBARODA,
273,BANKBARODA,Mar 2020,18531,-139,14729,33120,BANKBARODA,
274,BANKBARODA,Mar 2021,-887,-471,-986,-2344,BANKBARODA,
275,BANKBARODA,Mar 2022,6210,-3645,-998,1567,BANKBARODA,
276,BANKBARODA,Mar 2023,-21354,-1096,-5405,-27855,BANKBARODA,
277,BANKBARODA,Mar 2024,-6274,-1285,5476,-2084,BANKBARODA,
278,BEL,Mar 2013,-1539,1753,-158,56,BEL,
279,BEL,Mar 2014,-569,759,-213,-23,BEL,
280,BEL,Mar 2015,1434,-839,-209,386,BEL,
281,BEL,Mar 2016,2260,-1470,-318,472,BEL,
282,BEL,Mar 2017,-61,3115,-2857,197,BEL,
283,BEL,Mar 2018,-687,-6,-1202,-1895,BEL,
284,BEL,Mar 2019,1514,-896,-663,-45,BEL,
285,BEL,Mar 2020,2570,-649,-1061,861,BEL,
286,BEL,Mar 2021,5093,-2595,-1076,1422,BEL,
287,BEL,Mar 2022,4207,-4872,-1078,-1742,BEL,
288,BEL,Mar 2023,1199,2708,-1262,2645,BEL,
289,BEL,Mar 2024,4659,-5924,-1475,-2739,BEL,
290,BHARTIARTL,Mar 2013,22608,-18676,-4566,-634,BHARTIARTL,
291,BHARTIARTL,Mar 2014,26233,-25181,2774,3826,BHARTIARTL,
292,BHARTIARTL,Mar 2015,28059,-22301,-9672,-3914,BHARTIARTL,
293,BHARTIARTL,Mar 2016,27942,-14091,-11946,1905,BHARTIARTL,
294,BHARTIARTL,Mar 2017,28280,-30680,-351,-2752,BHARTIARTL,
295,BHARTIARTL,Mar 2018,29854,-27940,1920,3835,BHARTIARTL,
296,BHARTIARTL,Mar 2019,20070,-28286,9464,1248,BHARTIARTL,
297,BHARTIARTL,Mar 2020,18129,-29598,19144,7675,BHARTIARTL,
298,BHARTIARTL,Mar 2021,48205,-27286,-24910,-3991,BHARTIARTL,
299,BHARTIARTL,Mar 2022,55017,-41478,-15203,-1664,BHARTIARTL,
300,BHARTIARTL,Mar 2023,65325,-39232,-24470,1623,BHARTIARTL,
301,BHARTIARTL,Mar 2024,78898,-51089,-27778,31,BHARTIARTL,
302,BHEL,Mar 2013,1759,-1113,472,1118,BHEL,
303,BHEL,Mar 2014,4512,-868,523,4167,BHEL,
304,BHEL,Mar 2015,821,650,-3543,-2071,BHEL,
305,BHEL,Mar 2016,374,23,-122,275,BHEL,
306,BHEL,Mar 2017,560,-565,-468,-473,BHEL,
307,BHEL,Mar 2018,989,961,-667,1283,BHEL,
308,BHEL,Mar 2019,-3860,1919,-32,-1973,BHEL,
309,BHEL,Mar 2020,-2892,1877,1622,608,BHEL,
310,BHEL,Mar 2021,560,-42,-394,123,BHEL,
311,BHEL,Mar 2022,660,-1118,-329,-787,BHEL,
312,BHEL,Mar 2023,-741,1480,89,829,BHEL,
313,BHEL,Mar 2024,-3713,1331,2656,274,BHEL,
314,BOSCHLTD,Dec 2012,871,-824,-156,-108,BOSCHLTD,
315,BOSCHLTD,Dec 2013,1057,-846,-238,-27,BOSCHLTD,
316,BOSCHLTD,Mar 2015,1396,-1183,-237,-24,BOSCHLTD,
317,BOSCHLTD,Mar 2016,1318,-995,-356,-33,BOSCHLTD,
318,BOSCHLTD,Mar 2017,1457,1246,-2670,33,BOSCHLTD,
319,BOSCHLTD,Mar 2018,1729,-1170,-325,234,BOSCHLTD,
320,BOSCHLTD,Mar 2019,593,1766,-2531,-172,BOSCHLTD,
321,BOSCHLTD,Mar 2020,1336,-873,-399,64,BOSCHLTD,
322,BOSCHLTD,Mar 2021,835,-463,-338,34,BOSCHLTD,
323,BOSCHLTD,Mar 2022,271,-33,-383,-146,BOSCHLTD,
324,BOSCHLTD,Mar 2023,1214,262,-1239,236,BOSCHLTD,
325,BOSCHLTD,Mar 2024,1253,283,-1452,84,BOSCHLTD,
326,BPCL,Mar 2013,5926,-3604,-846,1476,BPCL,
327,BPCL,Mar 2014,9588,-6881,-3736,-1029,BPCL,
328,BPCL,Mar 2015,20742,-10536,-9792,414,BPCL,
329,BPCL,Mar 2016,11119,-9233,-1332,555,BPCL,
330,BPCL,Mar 2017,9041,-15274,4804,-1429,BPCL,
331,BPCL,Mar 2018,11068,-7066,-4218,-215,BPCL,
332,BPCL,Mar 2019,10157,-10451,207,-87,BPCL,
333,BPCL,Mar 2020,7881,-11135,3583,329,BPCL,
334,BPCL,Mar 2021,23455,-2474,-13981,7000,BPCL,
335,BPCL,Mar 2022,20336,-8138,-17672,-5474,BPCL,
336,BPCL,Mar 2023,12466,-7806,-4402,257,BPCL,
337,BPCL,Mar 2024,35936,-10521,-25427,-12,BPCL,
338,BRITANNIA,Mar 2013,320,28,-378,-30,BRITANNIA,
339,BRITANNIA,Mar 2014,671,-246,-357,68,BRITANNIA,
340,BRITANNIA,Mar 2015,584,-450,-181,-47,BRITANNIA,
341,BRITANNIA,Mar 2016,959,-705,-246,8,BRITANNIA,
342,BRITANNIA,Mar 2017,441,-150,-295,-4,BRITANNIA,
343,BRITANNIA,Mar 2018,1249,-957,-232,60,BRITANNIA,
344,BRITANNIA,Mar 2019,1156,-852,-353,-49,BRITANNIA,
345,BRITANNIA,Mar 2020,1485,-1526,58,17,BRITANNIA,
346,BRITANNIA,Mar 2021,1876,433,-2242,66,BRITANNIA,
347,BRITANNIA,Mar 2022,1300,914,-2246,-32,BRITANNIA,
348,BRITANNIA,Mar 2023,2526,-1507,-1028,-9,BRITANNIA,
349,BRITANNIA,Mar 2024,2573,477,-2830,219,BRITANNIA,
350,CANBK,Mar 2013,8010,-435,-1043,6532,CANBK,
351,CANBK,Mar 2014,14244,-380,-3771,10092,CANBK,
352,CANBK,Mar 2015,6344,-1104,-1464,3776,CANBK,
353,CANBK,Mar 2016,9346,-443,-806,8096,CANBK,
354,CANBK,Mar 2017,2575,-476,124,2224,CANBK,
355,CANBK,Mar 2018,-11120,-487,2865,-8743,CANBK,
356,CANBK,Mar 2019,18237,-745,-1185,16307,CANBK,
357,CANBK,Mar 2020,-5289,-445,7792,2059,CANBK,
358,CANBK,Mar 2021,59118,-1116,290,58291,CANBK,
359,CANBK,Mar 2022,919,-1429,4035,3525,CANBK,
360,CANBK,Mar 2023,-39978,-1156,445,-40689,CANBK,
361,CANBK,Mar 2024,15046,-1750,-3834,9462,CANBK,
362,CHOLAFIN,Mar 2013,-3754,5,4067,317,CHOLAFIN,
363,CHOLAFIN,Mar 2014,-2447,-83,2749,219,CHOLAFIN,
364,CHOLAFIN,Mar 2015,-2264,-40,1819,-485,CHOLAFIN,
365,CHOLAFIN,Mar 2016,-2809,-137,3031,85,CHOLAFIN,
366,CHOLAFIN,Mar 2017,-1468,-222,1692,2,CHOLAFIN,
367,CHOLAFIN,Mar 2018,-7926,-60,8009,22,CHOLAFIN,
368,CHOLAFIN,Mar 2019,-9317,-11,12191,2862,CHOLAFIN,
369,CHOLAFIN,Mar 2020,-2075,-54,2452,323,CHOLAFIN,
370,CHOLAFIN,Mar 2021,-8848,-1746,8707,-1888,CHOLAFIN,
371,CHOLAFIN,Mar 2022,-5571,1640,5150,1218,CHOLAFIN,
372,CHOLAFIN,Mar 2023,-27105,-2148,27466,-1787,CHOLAFIN,
373,CHOLAFIN,Mar 2024,-35683,-2855,38471,-66,CHOLAFIN,
374,CIPLA,Mar 2013,1398,-2063,718,53,CIPLA,
375,CIPLA,Mar 2014,1563,-1265,-266,33,CIPLA,
376,CIPLA,Mar 2015,1173,-950,165,388,CIPLA,
377,CIPLA,Mar 2016,1741,-4533,3104,312,CIPLA,
378,CIPLA,Mar 2017,2382,-1304,-1326,-248,CIPLA,
379,CIPLA,Mar 2018,1463,-834,-385,243,CIPLA,
380,CIPLA,Mar 2019,1691,-1688,-349,-345,CIPLA,
381,CIPLA,Mar 2020,3068,114,-2949,234,CIPLA,
382,CIPLA,Mar 2021,3755,-2374,-1240,141,CIPLA,
383,CIPLA,Mar 2022,3326,-1858,-1600,-132,CIPLA,
384,CIPLA,Mar 2023,3238,-2376,-958,-97,CIPLA,
385,CIPLA,Mar 2024,4134,-2982,-1200,-49,CIPLA,
386,COALINDIA,Mar 2013,9109,-1833,-7852,-575,COALINDIA,
387,COALINDIA,Mar 2014,14525,8580,-25350,-2246,COALINDIA,
388,COALINDIA,Mar 2015,14382,894,-15026,250,COALINDIA,
389,COALINDIA,Mar 2016,13154,8154,-19587,1721,COALINDIA,
390,COALINDIA,Mar 2017,16461,455,-17598,-682,COALINDIA,
391,COALINDIA,Mar 2018,21115,-7747,-13564,-196,COALINDIA,
392,COALINDIA,Mar 2019,16356,-7896,-10885,-2426,COALINDIA,
393,COALINDIA,Mar 2020,4977,1033,-4791,1219,COALINDIA,
394,COALINDIA,Mar 2021,10592,182,-8453,2321,COALINDIA,
395,COALINDIA,Mar 2022,41107,-25715,-13441,1951,COALINDIA,
396,COALINDIA,Mar 2023,35734,-23465,-13704,-1436,COALINDIA,
397,COALINDIA,Mar 2024,18103,-4486,-13899,-282,COALINDIA,
398,DABUR,Mar 2013,870,-622,-234,13,DABUR,
399,DABUR,Mar 2014,1098,-104,-804,190,DABUR,
400,DABUR,Mar 2015,1047,-876,-417,-245,DABUR,
401,DABUR,Mar 2016,1187,-730,-374,82,DABUR,
402,DABUR,Mar 2017,1227,-807,-339,81,DABUR,
403,DABUR,Mar 2018,1092,-541,-577,-27,DABUR,
404,DABUR,Mar 2019,1499,338,-1888,-51,DABUR,
405,DABUR,Mar 2020,1614,-517,-1043,54,DABUR,
406,DABUR,Mar 2021,2115,-1404,-613,97,DABUR,
407,DABUR,Mar 2022,1802,-1273,-490,38,DABUR,
408,DABUR,Mar 2023,1488,-583,-1035,-130,DABUR,
409,DABUR,Mar 2024,2013,-971,-1161,-119,DABUR,
410,DIVISLAB,Mar 2013,480,-255,-231,-5,DIVISLAB,
411,DIVISLAB,Mar 2014,557,-305,-248,3,DIVISLAB,
412,DIVISLAB,Mar 2015,826,-521,-303,3,DIVISLAB,
413,DIVISLAB,Mar 2016,1038,-406,-631,0,DIVISLAB,
414,DIVISLAB,Mar 2017,1150,-1140,2,13,DIVISLAB,
415,DIVISLAB,Mar 2018,776,-478,-314,-17,DIVISLAB,
416,DIVISLAB,Mar 2019,954,-685,-246,23,DIVISLAB,
417,DIVISLAB,Mar 2020,1216,-83,-1091,41,DIVISLAB,
418,DIVISLAB,Mar 2021,1947,75,-35,1987,DIVISLAB,
419,DIVISLAB,Mar 2022,1912,-2195,-532,-816,DIVISLAB,
420,DIVISLAB,Mar 2023,2459,-2707,-797,-1045,DIVISLAB,
421,DIVISLAB,Mar 2024,1261,-269,-799,193,DIVISLAB,
422,DLF,Mar 2013,2009,1995,-3951,52,DLF,
423,DLF,Mar 2014,1468,3924,-4532,860,DLF,
424,DLF,Mar 2015,2037,98,-1547,588,DLF,
425,DLF,Mar 2016,2957,-818,-1929,210,DLF,
426,DLF,Mar 2017,-898,872,787,761,DLF,
427,DLF,Mar 2018,270,-2102,-232,-2064,DLF,
428,DLF,Mar 2019,2043,3,875,2921,DLF,
429,DLF,Mar 2020,356,6508,-9522,-2658,DLF,
430,DLF,Mar 2021,1460,150,-2184,-573,DLF,
431,DLF,Mar 2022,2832,267,-3828,-729,DLF,
432,DLF,Mar 2023,2375,-461,-2013,-98,DLF,
433,DLF,Mar 2024,2539,-1529,177,1186,DLF,
434,DMART,Mar 2013,127,-231,118,14,DMART,
435,DMART,Mar 2014,198,-270,65,-7,DMART,
436,DMART,Mar 2015,222,-474,234,-17,DMART,
437,DMART,Mar 2016,433,-633,196,-3,DMART,
438,DMART,Mar 2017,455,-2482,2025,-1,DMART,
439,DMART,Mar 2018,730,464,-1159,34,DMART,
440,DMART,Mar 2019,807,-958,209,57,DMART,
441,DMART,Mar 2020,1280,-4657,3357,-19,DMART,
442,DMART,Mar 2021,1375,-1110,-180,86,DMART,
443,DMART,Mar 2022,1372,-1289,-179,-96,DMART,
444,DMART,Mar 2023,2630,-2313,-205,112,DMART,
445,DMART,Mar 2024,2746,-2468,-148,130,DMART,
446,DRREDDY,Mar 2013,1378,-1437,-157,-216,DRREDDY,
447,DRREDDY,Mar 2014,1970,-1604,-24,342,DRREDDY,
448,DRREDDY,Mar 2015,2524,-2370,-433,-280,DRREDDY,
449,DRREDDY,Mar 2016,3263,-1610,-1700,-47,DRREDDY,
450,DRREDDY,Mar 2017,2144,-1890,-369,-114,DRREDDY,
451,DRREDDY,Mar 2018,1803,-1483,-444,-124,DRREDDY,
452,DRREDDY,Mar 2019,2870,-769,-2133,-31,DRREDDY,
453,DRREDDY,Mar 2020,2984,-495,-2516,-27,DRREDDY,
454,DRREDDY,Mar 2021,3570,-2255,-30,1286,DRREDDY,
455,DRREDDY,Mar 2022,2811,-2565,-242,3,DRREDDY,
456,DRREDDY,Mar 2023,5888,-4109,-2686,-907,DRREDDY,
457,DRREDDY,Mar 2024,4543,-4034,-376,133,DRREDDY,
458,EICHERMOT,Dec 2012,496,-773,-111,-388,EICHERMOT,
459,EICHERMOT,Dec 2013,716,-790,-47,-121,EICHERMOT,
460,EICHERMOT,Dec 2014,1047,-1214,-162,-329,EICHERMOT,
461,EICHERMOT,Mar 2016,1463,-1001,-466,-4,EICHERMOT,
462,EICHERMOT,Mar 2017,1708,-1744,25,-10,EICHERMOT,
463,EICHERMOT,Mar 2018,2482,-2145,-262,75,EICHERMOT,
464,EICHERMOT,Mar 2019,1575,-660,-292,623,EICHERMOT,
465,EICHERMOT,Mar 2020,1694,-1508,-858,-673,EICHERMOT,
466,EICHERMOT,Mar 2021,1691,-1625,-15,51,EICHERMOT,
467,EICHERMOT,Mar 2022,1527,-983,-593,-50,EICHERMOT,
468,EICHERMOT,Mar 2023,2823,-2397,-417,8,EICHERMOT,
469,EICHERMOT,Mar 2024,3724,-2834,-844,45,EICHERMOT,
470,GAIL,Mar 2013,6603,-8626,3642,1618,GAIL,
471,GAIL,Mar 2014,4615,-4466,-3,146,GAIL,
472,GAIL,Mar 2015,4214,-2809,-3058,-1653,GAIL,
473,GAIL,Mar 2016,3960,-904,-3028,29,GAIL,
474,GAIL,Mar 2017,6024,-334,-5275,415,GAIL,
475,GAIL,Mar 2018,8769,-2660,-5252,858,GAIL,
476,GAIL,Mar 2019,7984,-5701,-3364,-1081,GAIL,
477,GAIL,Mar 2020,8345,-8299,281,328,GAIL,
478,GAIL,Mar 2021,8993,-4640,-3471,882,GAIL,
479,GAIL,Mar 2022,9420,-5490,-3917,13,GAIL,
480,GAIL,Mar 2023,3205,-7453,2972,-1276,GAIL,
481,GAIL,Mar 2024,12586,-8226,-3457,902,GAIL,
482,GODREJCP,Mar 2013,820,-865,282,237,GODREJCP,
483,GODREJCP,Mar 2014,1116,-494,-620,1,GODREJCP,
484,GODREJCP,Mar 2015,1027,-1236,-12,-221,GODREJCP,
485,GODREJCP,Mar 2016,847,-622,-202,23,GODREJCP,
486,GODREJCP,Mar 2017,1860,-2243,665,282,GODREJCP,
487,GODREJCP,Mar 2018,1723,-336,-1384,3,GODREJCP,
488,GODREJCP,Mar 2019,1729,274,-2039,-36,GODREJCP,
489,GODREJCP,Mar 2020,1588,-552,-1295,-259,GODREJCP,
490,GODREJCP,Mar 2021,2030,-292,-1816,-79,GODREJCP,
491,GODREJCP,Mar 2022,1451,-844,-380,227,GODREJCP,
492,GODREJCP,Mar 2023,2151,-1754,-794,-398,GODREJCP,
493,GODREJCP,Mar 2024,2070,-3435,1406,41,GODREJCP,
494,GRASIM,Mar 2013,4242,-5687,1348,-97,GRASIM,
495,GRASIM,Mar 2014,3549,-2336,-1046,168,GRASIM,
496,GRASIM,Mar 2015,4594,-2359,-2278,-42,GRASIM,
497,GRASIM,Mar 2016,5868,-4515,-1365,-11,GRASIM,
498,GRASIM,Mar 2017,7288,-3509,-3799,-20,GRASIM,
499,GRASIM,Mar 2018,-4140,1546,3449,856,GRASIM,
500,GRASIM,Mar 2019,-1659,-2212,4158,287,GRASIM,
501,GRASIM,Mar 2020,16620,-11364,-3418,1838,GRASIM,
502,GRASIM,Mar 2021,15075,-7146,-8003,-75,GRASIM,
503,GRASIM,Mar 2022,7038,-1053,-6733,-748,GRASIM,
504,GRASIM,Mar 2023,-12685,-13712,26469,72,GRASIM,
505,GRASIM,Mar 2024,-10719,-23114,33908,75,GRASIM,
506,HAL,Mar 2017,-423,3021,-164,2433,HAL,
507,HAL,Mar 2018,-734,594,-2540,-2680,HAL,
508,HAL,Mar 2019,-7694,5292,2321,-80,HAL,
509,HAL,Mar 2020,1537,-1334,64,266,HAL,
510,HAL,Mar 2021,15124,-1190,-7070,6864,HAL,
511,HAL,Mar 2022,10180,-12789,-1464,-4072,HAL,
512,HAL,Mar 2023,8836,-5734,-1731,1370,HAL,
513,HAL,Mar 2024,8226,-6412,-1999,-185,HAL,
514,HAVELLS,Mar 2013,638,-144,-252,242,HAVELLS,
515,HAVELLS,Mar 2014,868,-376,-310,183,HAVELLS,
516,HAVELLS,Mar 2015,963,-485,-754,-277,HAVELLS,
517,HAVELLS,Mar 2016,513,-121,-621,-229,HAVELLS,
518,HAVELLS,Mar 2017,767,-220,-98,450,HAVELLS,
519,HAVELLS,Mar 2018,1100,-946,-409,-255,HAVELLS,
520,HAVELLS,Mar 2019,501,185,-318,368,HAVELLS,
521,HAVELLS,Mar 2020,827,-548,-716,-437,HAVELLS,
522,HAVELLS,Mar 2021,660,-763,190,87,HAVELLS,
523,HAVELLS,Mar 2022,1728,-759,-547,421,HAVELLS,
524,HAVELLS,Mar 2023,565,31,-907,-311,HAVELLS,
525,HAVELLS,Mar 2024,1953,-1618,-534,-199,HAVELLS,
526,HCLTECH,Jun 2013,4492,-2361,-2086,44,HCLTECH,
527,HCLTECH,Jun 2014,6457,-4842,-1308,307,HCLTECH,
528,HCLTECH,Jun 2015,5539,-2088,-3140,311,HCLTECH,
529,HCLTECH,Mar 2016,3823,-2208,-2237,-623,HCLTECH,
530,HCLTECH,Mar 2017,8995,-3890,-4517,588,HCLTECH,
531,HCLTECH,Mar 2018,8328,-2236,-5714,378,HCLTECH,
532,HCLTECH,Mar 2019,8971,-3256,-1471,4244,HCLTECH,
533,HCLTECH,Mar 2020,13359,-12332,-3168,-2141,HCLTECH,
534,HCLTECH,Mar 2021,19618,-5665,-11192,2761,HCLTECH,
535,HCLTECH,Mar 2022,16900,1597,-14508,3989,HCLTECH,
536,HCLTECH,Mar 2023,18009,-3573,-15881,-1445,HCLTECH,
537,HCLTECH,Mar 2024,22448,-6608,-15464,376,HCLTECH,
538,HDFCBANK,Mar 2013,-5847,-902,13105,6356,HDFCBANK,
539,HDFCBANK,Mar 2014,4211,-1099,9270,12382,HDFCBANK,
540,HDFCBANK,Mar 2015,-21281,-800,18694,-3387,HDFCBANK,
541,HDFCBANK,Mar 2016,-34435,-837,37815,2542,HDFCBANK,
542,HDFCBANK,Mar 2017,17282,-1146,-5893,10242,HDFCBANK,
543,HDFCBANK,Mar 2018,17214,-842,57378,73750,HDFCBANK,
544,HDFCBANK,Mar 2019,-62872,-1503,23131,-41244,HDFCBANK,
545,HDFCBANK,Mar 2020,-16869,-1403,24394,6122,HDFCBANK,
546,HDFCBANK,Mar 2021,42476,-1823,-7321,33332,HDFCBANK,
547,HDFCBANK,Mar 2022,-11960,-2051,48124,34113,HDFCBANK,
548,HDFCBANK,Mar 2023,20814,-2992,23941,41762,HDFCBANK,
549,HDFCBANK,Mar 2024,19069,16600,-3983,31687,HDFCBANK,
550,HDFCLIFE,Mar 2013,,,,,HDFCLIFE,
551,HDFCLIFE,Mar 2014,,,,,HDFCLIFE,
552,HDFCLIFE,Mar 2015,4459,-3514,-168,777,HDFCLIFE,
553,HDFCLIFE,Mar 2016,5687,-3962,-212,1513,HDFCLIFE,
554,HDFCLIFE,Mar 2017,6230,-5177,-236,817,HDFCLIFE,
555,HDFCLIFE,Mar 2018,6739,-4421,-196,2122,HDFCLIFE,
556,HDFCLIFE,Mar 2019,9868,-10182,-337,-651,HDFCLIFE,
557,HDFCLIFE,Mar 2020,7388,-7789,38,-364,HDFCLIFE,
558,HDFCLIFE,Mar 2021,9703,-8952,678,1429,HDFCLIFE,
559,HDFCLIFE,Mar 2022,5943,-801,-238,4904,HDFCLIFE,
560,HDFCLIFE,Mar 2023,6883,-10071,1985,-1203,HDFCLIFE,
561,HDFCLIFE,Mar 2024,10721,-13614,-403,-3296,HDFCLIFE,
562,HEROMOTOCO,Mar 2014,2963,-1616,-1414,-66,HEROMOTOCO,
563,HEROMOTOCO,Mar 2015,2186,31,-2131,86,HEROMOTOCO,
564,HEROMOTOCO,Mar 2016,3722,-2300,-1475,-53,HEROMOTOCO,
565,HEROMOTOCO,Mar 2017,4007,-1972,-2036,-1,HEROMOTOCO,
566,HEROMOTOCO,Mar 2018,4017,-1858,-2102,57,HEROMOTOCO,
567,HEROMOTOCO,Mar 2019,1032,1298,-2252,78,HEROMOTOCO,
568,HEROMOTOCO,Mar 2020,5518,-2819,-2602,97,HEROMOTOCO,
569,HEROMOTOCO,Mar 2021,4110,-2289,-1852,-31,HEROMOTOCO,
570,HEROMOTOCO,Mar 2022,2104,-222,-1975,-94,HEROMOTOCO,
571,HEROMOTOCO,Mar 2023,2614,-421,-2147,45,HEROMOTOCO,
572,HEROMOTOCO,Mar 2024,4923,-1828,-2717,379,HEROMOTOCO,
573,HINDALCO,Mar 2013,2977,-13801,10278,-545,HINDALCO,
574,HINDALCO,Mar 2014,7956,-8095,1493,1353,HINDALCO,
575,HINDALCO,Mar 2015,7143,-3873,-2437,833,HINDALCO,
576,HINDALCO,Mar 2016,11688,-3220,-8862,-394,HINDALCO,
577,HINDALCO,Mar 2017,12687,-2876,-5552,4259,HINDALCO,
578,HINDALCO,Mar 2018,10898,5333,-16412,-181,HINDALCO,
579,HINDALCO,Mar 2019,11977,-5456,-5466,1055,HINDALCO,
580,HINDALCO,Mar 2020,12745,-7227,6656,12174,HINDALCO,
581,HINDALCO,Mar 2021,17232,-25280,-4882,-12930,HINDALCO,
582,HINDALCO,Mar 2022,16838,-6773,-6765,3300,HINDALCO,
583,HINDALCO,Mar 2023,19208,-7559,-10450,1199,HINDALCO,
584,HINDALCO,Mar 2024,24056,-14267,-10817,-1028,HINDALCO,
585,HINDUNILVR,Mar 2013,3605,63,-4147,-480,HINDUNILVR,
586,HINDUNILVR,Mar 2014,3818,-475,-2960,383,HINDUNILVR,
587,HINDUNILVR,Mar 2015,3292,138,-3462,-33,HINDUNILVR,
588,HINDUNILVR,Mar 2016,4171,-282,-3864,25,HINDUNILVR,
589,HINDUNILVR,Mar 2017,5185,-1173,-4214,-202,HINDUNILVR,
590,HINDUNILVR,Mar 2018,6059,-1063,-4975,21,HINDUNILVR,
591,HINDUNILVR,Mar 2019,5800,-438,-5390,-28,HINDUNILVR,
592,HINDUNILVR,Mar 2020,7623,1791,-6819,2595,HINDUNILVR,
593,HINDUNILVR,Mar 2021,9163,-1228,-9309,-1374,HINDUNILVR,
594,HINDUNILVR,Mar 2022,9048,-1728,-8015,-695,HINDUNILVR,
595,HINDUNILVR,Mar 2023,9991,-1484,-8953,-446,HINDUNILVR,
596,HINDUNILVR,Mar 2024,15469,-5324,-10034,111,HINDUNILVR,
597,ICICIBANK,Mar 2013,17494,-18563,9283,8215,ICICIBANK,
598,ICICIBANK,Mar 2014,6765,-15750,7872,-1113,ICICIBANK,
599,ICICIBANK,Mar 2015,-12273,-13175,24827,-621,ICICIBANK,
600,ICICIBANK,Mar 2016,23645,-12060,5814,17399,ICICIBANK,
601,ICICIBANK,Mar 2017,52636,-1711,-35470,15455,ICICIBANK,
602,ICICIBANK,Mar 2018,19383,-50551,39676,8508,ICICIBANK,
603,ICICIBANK,Mar 2019,48671,-30282,-19997,-1608,ICICIBANK,
604,ICICIBANK,Mar 2020,79565,-42095,2992,40462,ICICIBANK,
605,ICICIBANK,Mar 2021,138015,-63631,-54667,19718,ICICIBANK,
606,ICICIBANK,Mar 2022,58111,-39448,17451,36114,ICICIBANK,
607,ICICIBANK,Mar 2023,-3771,-67689,24791,-46669,ICICIBANK,
608,ICICIBANK,Mar 2024,157284,-144737,13765,26312,ICICIBANK,
609,ICICIGI,Mar 2013,984,-962,102,124,ICICIGI,
610,ICICIGI,Mar 2014,595,-706,4,-108,ICICIGI,
611,ICICIGI,Mar 2015,-98,171,-93,-20,ICICIGI,
612,ICICIGI,Mar 2016,511,-310,-148,53,ICICIGI,
613,ICICIGI,Mar 2017,1628,-1990,361,-1,ICICIGI,
614,ICICIGI,Mar 2018,2390,-1896,-96,398,ICICIGI,
615,ICICIGI,Mar 2019,2976,-2856,-310,-190,ICICIGI,
616,ICICIGI,Mar 2020,3433,-3382,-420,-369,ICICIGI,
617,ICICIGI,Mar 2021,1774,-1367,-212,195,ICICIGI,
618,ICICIGI,Mar 2022,809,135,-879,65,ICICIGI,
619,ICICIGI,Mar 2023,2290,-1685,-695,-90,ICICIGI,
620,ICICIGI,Mar 2024,2407,-1921,-355,131,ICICIGI,
621,ICICIPRULI,Mar 2013,-2641,1564,-514,-1591,ICICIPRULI,
622,ICICIPRULI,Mar 2014,-2382,6012,-1091,2539,ICICIPRULI,
623,ICICIPRULI,Mar 2015,523,-1822,-966,-2264,ICICIPRULI,
624,ICICIPRULI,Mar 2016,3634,27,-1442,2219,ICICIPRULI,
625,ICICIPRULI,Mar 2017,4130,-696,-994,2439,ICICIPRULI,
626,ICICIPRULI,Mar 2018,5690,-5389,-1188,-887,ICICIPRULI,
627,ICICIPRULI,Mar 2019,11377,-7559,-843,2975,ICICIPRULI,
628,ICICIPRULI,Mar 2020,8596,-10797,-405,-2606,ICICIPRULI,
629,ICICIPRULI,Mar 2021,7314,-5084,1205,3434,ICICIPRULI,
630,ICICIPRULI,Mar 2022,1831,-816,-319,696,ICICIPRULI,
631,ICICIPRULI,Mar 2023,89,-1145,-112,-1168,ICICIPRULI,
632,ICICIPRULI,Mar 2024,-7315,7420,-88,17,ICICIPRULI,
633,INDIGO,Mar 2013,1741,-1890,36,-113,INDIGO,
634,INDIGO,Mar 2014,1595,-2914,1285,-34,INDIGO,
635,INDIGO,Mar 2015,2384,-940,-1308,136,INDIGO,
636,INDIGO,Mar 2016,3116,-1337,-1220,559,INDIGO,
637,INDIGO,Mar 2017,3782,-3033,-1401,-652,INDIGO,
638,INDIGO,Mar 2018,3903,-4152,766,518,INDIGO,
639,INDIGO,Mar 2019,3160,-2526,-592,42,INDIGO,
640,INDIGO,Mar 2020,6943,-4573,-2407,-37,INDIGO,
641,INDIGO,Mar 2021,-1620,3228,-1775,-168,INDIGO,
642,INDIGO,Mar 2022,2064,1527,-3088,503,INDIGO,
643,INDIGO,Mar 2023,12703,-4039,-8432,232,INDIGO,
644,INDIGO,Mar 2024,21183,-11759,-9979,-555,INDIGO,
645,INDUSINDBK,Mar 2013,-486,-174,1969,1309,INDUSINDBK,
646,INDUSINDBK,Mar 2014,-4106,-174,4200,-79,INDUSINDBK,
647,INDUSINDBK,Mar 2015,-1421,-276,5707,4010,INDUSINDBK,
648,INDUSINDBK,Mar 2016,-2927,-258,2517,-667,INDUSINDBK,
649,INDUSINDBK,Mar 2017,11569,-285,-2768,8516,INDUSINDBK,
650,INDUSINDBK,Mar 2018,-20700,-217,15505,-5412,INDUSINDBK,
651,INDUSINDBK,Mar 2019,-6389,-633,8590,1568,INDUSINDBK,
652,INDUSINDBK,Mar 2020,-12039,526,12733,1220,INDUSINDBK,
653,INDUSINDBK,Mar 2021,44646,-226,-4096,40324,INDUSINDBK,
654,INDUSINDBK,Mar 2022,16600,-351,-4302,11947,INDUSINDBK,
655,INDUSINDBK,Mar 2023,-12438,-441,1115,-11763,INDUSINDBK,
656,INDUSINDBK,Mar 2024,-16843,-625,-2242,-19710,INDUSINDBK,
657,INFY,Mar 2013,7373,-2922,-3210,1241,INFY,
658,INFY,Mar 2014,9825,-2563,-3144,4118,INFY,
659,INFY,Mar 2015,8353,999,-4935,4417,INFY,
660,INFY,Mar 2016,10028,-885,-6813,2330,INFY,
661,INFY,Mar 2017,11531,-14664,-6939,-10072,INFY,
662,INFY,Mar 2018,13218,4533,-20505,-2754,INFY,
663,INFY,Mar 2019,14841,-632,-14512,-303,INFY,
664,INFY,Mar 2020,17003,-331,-17591,-919,INFY,
665,INFY,Mar 2021,23224,-7373,-9786,6065,INFY,
666,INFY,Mar 2022,23885,-6485,-24642,-7242,INFY,
667,INFY,Mar 2023,22467,-1071,-26695,-5299,INFY,
668,INFY,Mar 2024,25210,-5093,-17504,2613,INFY,
669,IOC,Mar 2013,9340,-9294,352,398,IOC,
670,IOC,Mar 2014,24195,-18594,-3116,2485,IOC,
671,IOC,Mar 2015,46092,-10215,-38283,-2406,IOC,
672,IOC,Mar 2016,25624,-13610,-11890,124,IOC,
673,IOC,Mar 2017,28216,-17684,-10937,-405,IOC,
674,IOC,Mar 2018,29115,-17119,-12007,-11,IOC,
675,IOC,Mar 2019,12747,-22569,10436,614,IOC,
676,IOC,Mar 2020,7146,-29101,22456,502,IOC,
677,IOC,Mar 2021,49650,-22935,-27369,-653,IOC,
678,IOC,Mar 2022,25747,-21294,-4058,395,IOC,
679,IOC,Mar 2023,29644,-28030,-1794,-180,IOC,
680,IOC,Mar 2024,71099,-31464,-39385,250,IOC,
681,IRCTC,Mar 2015,69,-46,-17,6,IRCTC,
682,IRCTC,Mar 2016,288,7,-31,263,IRCTC,
683,IRCTC,Mar 2017,338,94,-136,296,IRCTC,
684,IRCTC,Mar 2018,24,40,-57,7,IRCTC,
685,IRCTC,Mar 2019,499,-353,-179,-33,IRCTC,
686,IRCTC,Mar 2020,409,8,-280,137,IRCTC,
687,IRCTC,Mar 2021,248,-453,-47,-252,IRCTC,
688,IRCTC,Mar 2022,524,-242,-258,23,IRCTC,
689,IRCTC,Mar 2023,812,-317,-434,61,IRCTC,
690,IRCTC,Mar 2024,882,-215,-404,262,IRCTC,
691,IRFC,Mar 2016,-16378,2,17582,1206,IRFC,
692,IRFC,Mar 2017,-19455,2,18250,-1204,IRFC,
693,IRFC,Mar 2018,-28076,2,28075,0,IRFC,
694,IRFC,Mar 2019,-41748,1,41749,3,IRFC,
695,IRFC,Mar 2020,-62701,1,62697,-2,IRFC,
696,IRFC,Mar 2021,-89907,0,90202,296,IRFC,
697,IRFC,Mar 2022,-64412,-5,64266,-151,IRFC,
698,IRFC,Mar 2023,-28588,0,28644,56,IRFC,
699,IRFC,Mar 2024,7914,-8,-8046,-140,IRFC,
700,ITC,Mar 2013,7102,-3881,-3310,-90,ITC,
701,ITC,Mar 2014,7344,-3254,-4122,-32,ITC,
702,ITC,Mar 2015,9843,-5275,-4661,-93,ITC,
703,ITC,Mar 2016,9799,-3921,-5613,266,ITC,
704,ITC,Mar 2017,10627,-3251,-7301,75,ITC,
705,ITC,Mar 2018,13169,-7114,-6221,-166,ITC,
706,ITC,Mar 2019,12583,-5546,-6869,169,ITC,
707,ITC,Mar 2020,14690,-6174,-8181,334,ITC,
708,ITC,Mar 2021,12527,5740,-18634,-367,ITC,
709,ITC,Mar 2022,15776,-2238,-13580,-43,ITC,
710,ITC,Mar 2023,18878,-5732,-13006,139,ITC,
711,ITC,Mar 2024,17179,1563,-18551,191,ITC,
712,JINDALSTEL,Mar 2013,3522,-9591,6111,43,JINDALSTEL,
713,JINDALSTEL,Mar 2014,4580,-12694,8879,766,JINDALSTEL,
714,JINDALSTEL,Mar 2015,1182,-6717,5708,173,JINDALSTEL,
715,JINDALSTEL,Mar 2016,4333,-2262,-2672,-601,JINDALSTEL,
716,JINDALSTEL,Mar 2017,6850,-1998,-5108,-256,JINDALSTEL,
717,JINDALSTEL,Mar 2018,7724,-1431,-6276,17,JINDALSTEL,
718,JINDALSTEL,Mar 2019,9027,-832,-8261,-67,JINDALSTEL,
719,JINDALSTEL,Mar 2020,8814,-1476,-7016,322,JINDALSTEL,
720,JINDALSTEL,Mar 2021,11961,-1884,-4612,5465,JINDALSTEL,
721,JINDALSTEL,Mar 2022,16048,-2331,-15120,-1403,JINDALSTEL,
722,JINDALSTEL,Mar 2023,7347,-4090,-2500,757,JINDALSTEL,
723,JINDALSTEL,Mar 2024,6008,-8344,1381,-955,JINDALSTEL,
724,JIOFIN,Mar 2023,2055,-1110,-889,56,JIOFIN,
725,JIOFIN,Mar 2024,-678,1441,-753,11,JIOFIN,
726,JSWENERGY,Mar 2013,1725,-944,-684,96,JSWENERGY,
727,JSWENERGY,Mar 2014,2269,-363,-1859,48,JSWENERGY,
728,JSWENERGY,Mar 2015,3394,-422,-2327,645,JSWENERGY,
729,JSWENERGY,Mar 2016,3538,-3272,-1622,-1357,JSWENERGY,
730,JSWENERGY,Mar 2017,3853,-762,-2595,496,JSWENERGY,
731,JSWENERGY,Mar 2018,3934,-215,-3968,-249,JSWENERGY,
732,JSWENERGY,Mar 2019,2491,-55,-2523,-87,JSWENERGY,
733,JSWENERGY,Mar 2020,2082,301,-1962,421,JSWENERGY,
734,JSWENERGY,Mar 2021,3700,-1030,-2515,155,JSWENERGY,
735,JSWENERGY,Mar 2022,2952,-1387,-781,784,JSWENERGY,
736,JSWENERGY,Mar 2023,2084,-6778,7327,2634,JSWENERGY,
737,JSWENERGY,Mar 2024,6234,-8197,1675,-289,JSWENERGY,
738,JSWSTEEL,Mar 2013,5844,-5433,-791,-380,JSWSTEEL,
739,JSWSTEEL,Mar 2014,2594,-5618,3300,276,JSWSTEEL,
740,JSWSTEEL,Mar 2015,7876,-7372,-169,334,JSWSTEEL,
741,JSWSTEEL,Mar 2016,6897,-3857,-3151,-111,JSWSTEEL,
742,JSWSTEEL,Mar 2017,7888,-5094,-2710,84,JSWSTEEL,
743,JSWSTEEL,Mar 2018,12379,-4529,-8185,-335,JSWSTEEL,
744,JSWSTEEL,Mar 2019,14633,-11387,1753,4999,JSWSTEEL,
745,JSWSTEEL,Mar 2020,12785,-19589,5189,-1615,JSWSTEEL,
746,JSWSTEEL,Mar 2021,18789,-7702,-3110,7977,JSWSTEEL,
747,JSWSTEEL,Mar 2022,26270,-14748,-14657,-3135,JSWSTEEL,
748,JSWSTEEL,Mar 2023,23323,-10730,-5977,6616,JSWSTEEL,
749,JSWSTEEL,Mar 2024,12078,-14467,-5005,-7394,JSWSTEEL,
750,KOTAKBANK,Mar 2013,2878,-9035,7099,942,KOTAKBANK,
751,KOTAKBANK,Mar 2014,9068,-1130,-5814,2125,KOTAKBANK,
752,KOTAKBANK,Mar 2015,2302,-4467,2426,260,KOTAKBANK,
753,KOTAKBANK,Mar 2016,5025,-2353,2024,4696,KOTAKBANK,
754,KOTAKBANK,Mar 2017,13222,-5289,6055,13989,KOTAKBANK,
755,KOTAKBANK,Mar 2018,-10392,-5475,14679,-1188,KOTAKBANK,
756,KOTAKBANK,Mar 2019,1822,-3323,8365,6864,KOTAKBANK,
757,KOTAKBANK,Mar 2020,46619,-13068,-735,32815,KOTAKBANK,
758,KOTAKBANK,Mar 2021,4881,-11172,-10072,-16363,KOTAKBANK,
759,KOTAKBANK,Mar 2022,8308,-10903,7543,4949,KOTAKBANK,
760,KOTAKBANK,Mar 2023,-1242,-10381,1883,-9740,KOTAKBANK,
761,KOTAKBANK,Mar 2024,15685,-8919,15515,22281,KOTAKBANK,
762,LICI,Mar 2019,13274,9636,-13700,9210,LICI,
763,LICI,Mar 2020,54367,-40415,-18664,-4712,LICI,
764,LICI,Mar 2021,80602,148447,-256125,-27077,LICI,
765,LICI,Mar 2022,-3783,12531,0,8748,LICI,
766,LICI,Mar 2023,54519,-52848,-949,722,LICI,
767,LICI,Mar 2024,26122,-25269,-4427,-3574,LICI,
777,LODHA,Mar 2016,387,-854,330,-137,LODHA,
778,LODHA,Mar 2017,1469,-1174,-312,-16,LODHA,
779,LODHA,Mar 2018,696,-651,24,69,LODHA,
780,LODHA,Mar 2019,-463,-175,736,97,LODHA,
781,LODHA,Mar 2020,3772,182,-4188,-234,LODHA,
782,LODHA,Mar 2021,2524,420,-2835,109,LODHA,
783,LODHA,Mar 2022,1998,1139,-2888,250,LODHA,
784,LODHA,Mar 2023,2750,1789,-3706,834,LODHA,
785,LODHA,Mar 2024,2512,-2947,951,516,LODHA,
786,LT,Mar 2013,-4355,-6922,11429,152,LT,
787,LT,Mar 2014,-7143,-5510,13136,483,LT,
788,LT,Mar 2015,-1365,-4778,7903,1759,LT,
789,LT,Mar 2016,-3240,-4627,7253,-613,LT,
790,LT,Mar 2017,6655,-9796,2896,-245,LT,
791,LT,Mar 2018,-10031,3914,9370,3254,LT,
792,LT,Mar 2019,-4756,-11023,15440,-338,LT,
793,LT,Mar 2020,6694,-8408,6372,4658,LT,
794,LT,Mar 2021,23074,-5750,-15274,2049,LT,
795,LT,Mar 2022,19164,-3585,-15181,397,LT,
796,LT,Mar 2023,22777,-8048,-11572,3156,LT,
797,LT,Mar 2024,18266,2179,-25413,-4968,LT,
798,LTIM,Mar 2013,608,-224,-396,-13,LTIM,
799,LTIM,Mar 2014,628,180,-769,40,LTIM,
800,LTIM,Mar 2015,642,-103,-497,42,LTIM,
801,LTIM,Mar 2016,858,-40,-817,2,LTIM,
802,LTIM,Mar 2017,1170,-961,-33,176,LTIM,
803,LTIM,Mar 2018,844,-452,-408,-16,LTIM,
804,LTIM,Mar 2019,1395,-749,-594,52,LTIM,
805,LTIM,Mar 2020,1644,-643,-890,110,LTIM,
806,LTIM,Mar 2021,2400,-1657,-509,234,LTIM,
807,LTIM,Mar 2022,3251,-1643,-1680,-73,LTIM,
808,LTIM,Mar 2023,3095,-271,-1932,892,LTIM,
809,LTIM,Mar 2024,5670,-3918,-2269,-518,LTIM,
810,M&M,Mar 2013,-922,-2903,4508,684,M&M,
811,M&M,Mar 2014,-244,-4524,5577,810,M&M,
812,M&M,Mar 2015,1055,-4357,1669,-1633,M&M,
813,M&M,Mar 2016,2385,-5506,2967,-154,M&M,
814,M&M,Mar 2017,183,-5875,6108,416,M&M,
815,M&M,Mar 2018,682,-5467,6314,1529,M&M,
816,M&M,Mar 2019,-4347,-7174,13194,1672,M&M,
817,M&M,Mar 2020,-1457,-6870,6933,-1394,M&M,
818,M&M,Mar 2021,17909,-19686,406,-1370,M&M,
819,M&M,Mar 2022,9248,-3252,-5883,113,M&M,
820,M&M,Mar 2023,-7074,-8866,15946,6,M&M,
821,M&M,Mar 2024,-5630,-5615,12281,1037,M&M,
822,MARUTI,Mar 2013,4059,-3119,-979,-39,MARUTI,
823,MARUTI,Mar 2014,4995,-4997,-74,-76,MARUTI,
824,MARUTI,Mar 2015,6449,-4491,-2004,-45,MARUTI,
825,MARUTI,Mar 2016,8482,-7230,-1237,16,MARUTI,
826,MARUTI,Mar 2017,10282,-9173,-1129,-20,MARUTI,
827,MARUTI,Mar 2018,11788,-8302,-3436,50,MARUTI,
828,MARUTI,Mar 2019,6601,-3540,-2948,113,MARUTI,
829,MARUTI,Mar 2020,3496,-557,-3104,-165,MARUTI,
830,MARUTI,Mar 2021,8856,-7291,-1545,20,MARUTI,
831,MARUTI,Mar 2022,1840,-239,-1607,-6,MARUTI,
832,MARUTI,Mar 2023,10815,-8820,-1214,780,MARUTI,
833,MARUTI,Mar 2024,16801,-11865,-4062,874,MARUTI,
834,MOTHERSON,Mar 2013,1486,-1089,-256,142,MOTHERSON,
835,MOTHERSON,Mar 2014,2695,-1372,-1080,243,MOTHERSON,
836,MOTHERSON,Mar 2015,3390,-2844,494,1040,MOTHERSON,
837,MOTHERSON,Mar 2016,2188,-1906,-263,19,MOTHERSON,
838,MOTHERSON,Mar 2017,3800,-6145,5518,3172,MOTHERSON,
839,MOTHERSON,Mar 2018,3264,-3194,-2221,-2152,MOTHERSON,
840,MOTHERSON,Mar 2019,4312,-3318,-225,769,MOTHERSON,
841,MOTHERSON,Mar 2020,6352,-2220,-2803,1329,MOTHERSON,
842,MOTHERSON,Mar 2021,5051,-1886,-2098,1068,MOTHERSON,
843,MOTHERSON,Mar 2022,2463,-2304,-1217,-1059,MOTHERSON,
844,MOTHERSON,Mar 2023,4643,-2248,-2734,-339,MOTHERSON,
845,MOTHERSON,Mar 2024,7569,-6644,1281,2205,MOTHERSON,
846,NAUKRI,Mar 2013,75,-46,-12,16,NAUKRI,
847,NAUKRI,Mar 2014,81,-204,130,7,NAUKRI,
848,NAUKRI,Mar 2015,51,-1051,1025,25,NAUKRI,
849,NAUKRI,Mar 2016,78,-2,-66,11,NAUKRI,
850,NAUKRI,Mar 2017,213,-165,-42,7,NAUKRI,
851,NAUKRI,Mar 2018,253,-149,-75,29,NAUKRI,
852,NAUKRI,Mar 2019,276,-59,-78,138,NAUKRI,
853,NAUKRI,Mar 2020,350,97,-143,304,NAUKRI,
854,NAUKRI,Mar 2021,276,-2043,1880,113,NAUKRI,
855,NAUKRI,Mar 2022,707,-1177,35,-435,NAUKRI,
856,NAUKRI,Mar 2023,512,-358,2,156,NAUKRI,
857,NAUKRI,Mar 2024,702,-852,120,-29,NAUKRI,
858,NESTLEIND,Dec 2013,1796,-441,-580,775,NESTLEIND,
859,NESTLEIND,Dec 2014,1644,-432,-1635,-423,NESTLEIND,
860,NESTLEIND,Dec 2015,1098,-70,-498,529,NESTLEIND,
861,NESTLEIND,Dec 2016,1466,-126,-666,674,NESTLEIND,
862,NESTLEIND,Dec 2017,1818,-131,-997,691,NESTLEIND,
863,NESTLEIND,Dec 2018,2052,-52,-1317,683,NESTLEIND,
864,NESTLEIND,Dec 2019,2295,83,-3602,-1223,NESTLEIND,
865,NESTLEIND,Dec 2020,2454,-321,-1956,177,NESTLEIND,
866,NESTLEIND,Dec 2021,2236,-1920,-2020,-1704,NESTLEIND,
867,NESTLEIND,Dec 2022,2737,-392,-2123,223,NESTLEIND,
868,NESTLEIND,Dec 2023,3392,-927,-2436,29,NESTLEIND,
869,NESTLEIND,Mar 2024,4175,-1237,-3135,-198,NESTLEIND,
870,NHPC,Mar 2013,2846,-1330,-1344,172,NHPC,
871,NHPC,Mar 2014,3824,-1122,-4536,-1834,NHPC,
872,NHPC,Mar 2015,4061,-768,-2494,798,NHPC,
873,NHPC,Mar 2016,5971,-746,-4000,1224,NHPC,
874,NHPC,Mar 2017,8329,-1864,-7812,-1347,NHPC,
875,NHPC,Mar 2018,4696,-886,-3863,-53,NHPC,
876,NHPC,Mar 2019,3824,-1182,-2637,5,NHPC,
877,NHPC,Mar 2020,2993,-2987,12,17,NHPC,
878,NHPC,Mar 2021,5070,-1607,-3058,405,NHPC,
879,NHPC,Mar 2022,4590,-3084,-638,867,NHPC,
880,NHPC,Mar 2023,4705,-4191,-795,-281,NHPC,
881,NHPC,Mar 2024,6938,-5968,-581,388,NHPC,
882,NTPC,Mar 2013,16508,-16845,988,651,NTPC,
883,NTPC,Mar 2014,16531,-15509,-2709,-1687,NTPC,
884,NTPC,Mar 2015,14889,-15977,-1474,-2563,NTPC,
885,NTPC,Mar 2016,24125,-19162,-3899,1064,NTPC,
886,NTPC,Mar 2017,20167,-24480,3138,-1176,NTPC,
887,NTPC,Mar 2018,19670,-20678,1028,19,NTPC,
888,NTPC,Mar 2019,18686,-24063,4927,-451,NTPC,
889,NTPC,Mar 2020,23890,-29628,6004,266,NTPC,
890,NTPC,Mar 2021,32444,-21034,-11049,360,NTPC,
891,NTPC,Mar 2022,41788,-22891,-19172,-274,NTPC,
892,NTPC,Mar 2023,47152,-26145,-21217,-210,NTPC,
893,NTPC,Mar 2024,40785,-32141,-8246,398,NTPC,
894,ONGC,Mar 2013,39874,-41220,-6927,-8273,ONGC,
895,ONGC,Mar 2014,53270,-63633,15225,4862,ONGC,
896,ONGC,Mar 2015,33950,-30058,-10641,-6749,ONGC,
897,ONGC,Mar 2016,46292,-38256,-8972,-935,ONGC,
898,ONGC,Mar 2017,45780,-43815,-1867,99,ONGC,
899,ONGC,Mar 2018,56792,-66798,9909,-97,ONGC,
900,ONGC,Mar 2019,61458,-37132,-23324,1001,ONGC,
901,ONGC,Mar 2020,70593,-53159,-16726,708,ONGC,
902,ONGC,Mar 2021,47185,-39141,-8239,-195,ONGC,
903,ONGC,Mar 2022,78248,-41197,-35790,1261,ONGC,
904,ONGC,Mar 2023,86062,-74690,-12876,-1504,ONGC,
905,ONGC,Mar 2024,99263,-57203,-45650,-3591,ONGC,
906,PFC,Mar 2013,-25102,22,27947,2868,PFC,
907,PFC,Mar 2014,-22473,9,17671,-4793,PFC,
908,PFC,Mar 2015,-21455,-491,26916,4970,PFC,
909,PFC,Mar 2016,-13298,-1973,10383,-4888,PFC,
910,PFC,Mar 2017,1795,-667,1950,3079,PFC,
911,PFC,Mar 2018,-57148,1409,52018,-3720,PFC,
912,PFC,Mar 2019,-80252,-13463,93616,-98,PFC,
913,PFC,Mar 2020,-42148,-73,43399,1179,PFC,
914,PFC,Mar 2021,-59143,1741,60424,3023,PFC,
915,PFC,Mar 2022,4904,-547,-8371,-4014,PFC,
916,PFC,Mar 2023,-74717,-1694,75537,-874,PFC,
917,PFC,Mar 2024,-97820,-3409,101261,32,PFC,
918,PIDILITIND,Mar 2013,472,-144,-339,-12,PIDILITIND,
919,PIDILITIND,Mar 2014,394,-99,-242,54,PIDILITIND,
920,PIDILITIND,Mar 2015,552,-436,-165,-49,PIDILITIND,
921,PIDILITIND,Mar 2016,907,-491,-371,45,PIDILITIND,
922,PIDILITIND,Mar 2017,794,-879,41,-45,PIDILITIND,
923,PIDILITIND,Mar 2018,796,39,-790,46,PIDILITIND,
924,PIDILITIND,Mar 2019,845,-513,-361,-29,PIDILITIND,
925,PIDILITIND,Mar 2020,1280,103,-849,533,PIDILITIND,
926,PIDILITIND,Mar 2021,1392,-1688,-76,-372,PIDILITIND,
927,PIDILITIND,Mar 2022,955,-558,-468,-71,PIDILITIND,
928,PIDILITIND,Mar 2023,1558,-899,-656,2,PIDILITIND,
929,PIDILITIND,Mar 2024,2724,-1769,-742,212,PIDILITIND,
930,PNB,Mar 2013,-692,-600,-694,-1987,PNB,
931,PNB,Mar 2014,16906,-302,2129,18733,PNB,
932,PNB,Mar 2015,4814,-872,7451,11393,PNB,
933,PNB,Mar 2016,14167,-1352,5975,18790,PNB,
934,PNB,Mar 2017,21938,159,-9767,12330,PNB,
935,PNB,Mar 2018,-1742,392,7460,6109,PNB,
936,PNB,Mar 2019,-33532,-629,13969,-20192,PNB,
937,PNB,Mar 2020,-12793,-338,13591,460,PNB,
938,PNB,Mar 2021,30950,-787,5415,35579,PNB,
939,PNB,Mar 2022,20032,-1204,2032,20859,PNB,
940,PNB,Mar 2023,22592,-732,1275,23135,PNB,
941,PNB,Mar 2024,-27939,-1506,3518,-25928,PNB,
942,POWERGRID,Mar 2013,11690,-22084,9962,-432,POWERGRID,
943,POWERGRID,Mar 2014,15223,-26639,13712,2295,POWERGRID,
944,POWERGRID,Mar 2015,15800,-24185,6399,-1986,POWERGRID,
945,POWERGRID,Mar 2016,15008,-21576,5621,-948,POWERGRID,
946,POWERGRID,Mar 2017,21575,-23836,3959,1698,POWERGRID,
947,POWERGRID,Mar 2018,22710,-25701,1285,-1707,POWERGRID,
948,POWERGRID,Mar 2019,23271,-18727,-2431,2113,POWERGRID,
949,POWERGRID,Mar 2020,30739,-10733,-18806,1199,POWERGRID,
950,POWERGRID,Mar 2021,29403,-9244,-20521,-362,POWERGRID,
951,POWERGRID,Mar 2022,26124,753,-28967,-2091,POWERGRID,
952,POWERGRID,Mar 2023,40203,-7138,-30450,2615,POWERGRID,
953,POWERGRID,Mar 2024,37290,-13114,-25903,-1728,POWERGRID,
954,RECLTD,Mar 2013,-20059,152,16059,-3847,RECLTD,
955,RECLTD,Mar 2014,-17244,136,16815,-293,RECLTD,
956,RECLTD,Mar 2015,-23898,151,23098,-649,RECLTD,
957,RECLTD,Mar 2016,-13278,-756,15291,1257,RECLTD,
958,RECLTD,Mar 2017,6805,-101,-3947,2757,RECLTD,
959,RECLTD,Mar 2018,-32510,46,28244,-4220,RECLTD,
960,RECLTD,Mar 2019,-35866,457,35543,134,RECLTD,
961,RECLTD,Mar 2020,-32712,121,33926,1336,RECLTD,
962,RECLTD,Mar 2021,-43512,861,42113,-538,RECLTD,
963,RECLTD,Mar 2022,-819,-287,68,-1038,RECLTD,
964,RECLTD,Mar 2023,-37360,-943,38123,-180,RECLTD,
965,RECLTD,Mar 2024,-57723,-1831,59588,34,RECLTD,
966,RELIANCE,Mar 2013,36918,-27601,408,9725,RELIANCE,
967,RELIANCE,Mar 2014,43261,-73070,13713,-16096,RELIANCE,
968,RELIANCE,Mar 2015,34374,-64706,8444,-21888,RELIANCE,
969,RELIANCE,Mar 2016,38134,-36186,-3210,-1262,RELIANCE,
970,RELIANCE,Mar 2017,49550,-66201,8617,-8034,RELIANCE,
971,RELIANCE,Mar 2018,71459,-68192,-2001,1266,RELIANCE,
972,RELIANCE,Mar 2019,42346,-94507,55906,3745,RELIANCE,
973,RELIANCE,Mar 2020,94877,-72497,-2541,19839,RELIANCE,
974,RELIANCE,Mar 2021,26958,-142385,101904,-13523,RELIANCE,
975,RELIANCE,Mar 2022,110654,-109162,17289,18781,RELIANCE,
976,RELIANCE,Mar 2023,115032,-93001,10455,32486,RELIANCE,
977,RELIANCE,Mar 2024,158788,-113581,-16646,28561,RELIANCE,
978,SBILIFE,Mar 2013,1130,-227,-58,845,SBILIFE,
979,SBILIFE,Mar 2014,166,-708,-58,-600,SBILIFE,
980,SBILIFE,Mar 2015,2711,-178,-117,2416,SBILIFE,
981,SBILIFE,Mar 2016,5778,-7204,-144,-1570,SBILIFE,
982,SBILIFE,Mar 2017,8525,-9032,-144,-651,SBILIFE,
983,SBILIFE,Mar 2018,10395,-8910,-221,1264,SBILIFE,
984,SBILIFE,Mar 2019,13473,-13552,-241,-321,SBILIFE,
985,SBILIFE,Mar 2020,19299,-16986,-198,2114,SBILIFE,
986,SBILIFE,Mar 2021,23878,-19203,3,4677,SBILIFE,
987,SBILIFE,Mar 2022,21852,-21611,-231,10,SBILIFE,
988,SBILIFE,Mar 2023,28656,-30203,-415,-1962,SBILIFE,
989,SBILIFE,Mar 2024,29122,-31221,-227,-2327,SBILIFE,
990,SBIN,Mar 2013,24332,-2271,-4424,17637,SBIN,
991,SBIN,Mar 2014,19142,-791,3583,21934,SBIN,
992,SBIN,Mar 2015,26297,-3424,-1553,21320,SBIN,
993,SBIN,Mar 2016,14477,-2747,4348,16078,SBIN,
994,SBIN,Mar 2017,77406,-4572,-4196,68638,SBIN,
995,SBIN,Mar 2018,-96508,13053,5547,-77908,SBIN,
996,SBIN,Mar 2019,29556,220,448,30223,SBIN,
997,SBIN,Mar 2020,23929,-555,5430,28803,SBIN,
998,SBIN,Mar 2021,89919,-3670,7143,93392,SBIN,
999,SBIN,Mar 2022,57695,-2652,-3845,51198,SBIN,
1000,SBIN,Mar 2023,-86014,-966,6386,-80593,SBIN,
1001,SBIN,Mar 2024,21632,-3476,-9896,8260,SBIN,
1002,SHREECEM,Jun 2013,1260,-270,-982,8,SHREECEM,
1003,SHREECEM,Jun 2014,1401,-1234,-156,11,SHREECEM,
1004,SHREECEM,Jun 2015,1239,-990,-259,-10,SHREECEM,
1005,SHREECEM,Mar 2016,1566,-1265,-271,31,SHREECEM,
1006,SHREECEM,Mar 2017,2202,-2048,-167,-13,SHREECEM,
1007,SHREECEM,Mar 2018,1879,-3595,1726,10,SHREECEM,
1008,SHREECEM,Mar 2019,2080,-720,-1276,84,SHREECEM,
1009,SHREECEM,Mar 2020,3973,-5590,1581,-36,SHREECEM,
1010,SHREECEM,Mar 2021,4254,-2651,-1233,370,SHREECEM,
1011,SHREECEM,Mar 2022,2668,-2143,-849,-324,SHREECEM,
1012,SHREECEM,Mar 2023,2569,-2405,-277,-113,SHREECEM,
1013,SHREECEM,Mar 2024,3347,-1418,-1710,220,SHREECEM,
1014,SHRIRAMFIN,Mar 2013,-8359,-41,9060,661,SHRIRAMFIN,
1015,SHRIRAMFIN,Mar 2014,-4055,-112,5010,843,SHRIRAMFIN,
1016,SHRIRAMFIN,Mar 2015,-9611,-45,7836,-1819,SHRIRAMFIN,
1017,SHRIRAMFIN,Mar 2016,-5507,-36,2822,-2721,SHRIRAMFIN,
1018,SHRIRAMFIN,Mar 2017,-2677,-2,3017,338,SHRIRAMFIN,
1019,SHRIRAMFIN,Mar 2018,-13142,86,13014,-42,SHRIRAMFIN,
1020,SHRIRAMFIN,Mar 2019,-5535,-76,5550,-62,SHRIRAMFIN,
1021,SHRIRAMFIN,Mar 2020,-2464,-55,4579,2060,SHRIRAMFIN,
1022,SHRIRAMFIN,Mar 2021,-4239,-25,12226,7962,SHRIRAMFIN,
1023,SHRIRAMFIN,Mar 2022,-8859,-34,8505,-388,SHRIRAMFIN,
1024,SHRIRAMFIN,Mar 2023,-17625,5076,11820,-730,SHRIRAMFIN,
1025,SHRIRAMFIN,Mar 2024,-31101,-258,27609,-3750,SHRIRAMFIN,
1026,SIEMENS,Sep 2011,3,264,-196,70,SIEMENS,
1027,SIEMENS,Sep 2014,608,130,-220,517,SIEMENS,
1028,SIEMENS,Sep 2015,574,646,-245,975,SIEMENS,
1029,SIEMENS,Sep 2016,513,237,-1614,-864,SIEMENS,
1030,SIEMENS,Sep 2017,573,1321,-285,1610,SIEMENS,
1031,SIEMENS,Sep 2018,100,-174,-305,-379,SIEMENS,
1032,SIEMENS,Sep 2019,1273,-1135,-312,-174,SIEMENS,
1033,SIEMENS,Sep 2020,720,871,-386,1205,SIEMENS,
1034,SIEMENS,Sep 2021,1422,-2389,-502,-1469,SIEMENS,
1035,SIEMENS,Sep 2022,978,-34,-392,552,SIEMENS,
1036,SIEMENS,Sep 2023,1400,-759,-450,191,SIEMENS,
1037,SIEMENS,Sep 2024,1670,-502,-523,644,SIEMENS,
1038,SUNPHARMA,Mar 2013,3357,-2375,-665,316,SUNPHARMA,
1039,SUNPHARMA,Mar 2014,3959,-2176,507,2290,SUNPHARMA,
1040,SUNPHARMA,Mar 2015,5616,-1502,-1187,2927,SUNPHARMA,
1041,SUNPHARMA,Mar 2016,6686,-3949,-1889,848,SUNPHARMA,
1042,SUNPHARMA,Mar 2017,7082,-4186,-2285,611,SUNPHARMA,
1043,SUNPHARMA,Mar 2018,3907,-3104,-1539,-736,SUNPHARMA,
1044,SUNPHARMA,Mar 2019,2196,-310,-2731,-844,SUNPHARMA,
1045,SUNPHARMA,Mar 2020,6555,-2225,-5715,-1386,SUNPHARMA,
1046,SUNPHARMA,Mar 2021,6170,407,-5980,596,SUNPHARMA,
1047,SUNPHARMA,Mar 2022,8985,-5556,-5193,-1765,SUNPHARMA,
1048,SUNPHARMA,Mar 2023,4959,-7220,2376,115,SUNPHARMA,
1049,SUNPHARMA,Mar 2024,12135,-763,-6710,4662,SUNPHARMA,
1050,TATACONSUM,Mar 2013,173,24,186,383,TATACONSUM,
1051,TATACONSUM,Mar 2014,422,-1,-363,57,TATACONSUM,
1052,TATACONSUM,Mar 2015,418,-207,-392,-182,TATACONSUM,
1053,TATACONSUM,Mar 2016,116,145,-282,-21,TATACONSUM,
1054,TATACONSUM,Mar 2017,741,145,-816,70,TATACONSUM,
1055,TATACONSUM,Mar 2018,356,-31,-30,294,TATACONSUM,
1056,TATACONSUM,Mar 2019,210,53,-224,39,TATACONSUM,
1057,TATACONSUM,Mar 2020,1082,-622,-308,152,TATACONSUM,
1058,TATACONSUM,Mar 2021,1656,-346,-426,884,TATACONSUM,
1059,TATACONSUM,Mar 2022,1516,-1317,-995,-796,TATACONSUM,
1060,TATACONSUM,Mar 2023,1461,-834,-714,-87,TATACONSUM,
1061,TATACONSUM,Mar 2024,1937,-1911,256,281,TATACONSUM,
1062,TATAMOTORS,Mar 2013,22163,-22969,-1692,-2499,TATAMOTORS,
1063,TATAMOTORS,Mar 2014,36151,-27991,-3883,4277,TATAMOTORS,
1064,TATAMOTORS,Mar 2015,35531,-36232,5201,4500,TATAMOTORS,
1065,TATAMOTORS,Mar 2016,37900,-36694,-3795,-2589,TATAMOTORS,
1066,TATAMOTORS,Mar 2017,30199,-39571,6205,-3167,TATAMOTORS,
1067,TATAMOTORS,Mar 2018,23857,-25139,2012,730,TATAMOTORS,
1068,TATAMOTORS,Mar 2019,18891,-20878,8830,6843,TATAMOTORS,
1069,TATAMOTORS,Mar 2020,26633,-33115,3390,-3092,TATAMOTORS,
1070,TATAMOTORS,Mar 2021,29001,-25672,9904,13232,TATAMOTORS,
1071,TATAMOTORS,Mar 2022,14283,-4444,-3380,6459,TATAMOTORS,
1072,TATAMOTORS,Mar 2023,35388,-15417,-26243,-6272,TATAMOTORS,
1073,TATAMOTORS,Mar 2024,67915,-22782,-37006,8128,TATAMOTORS,
1074,TATAPOWER,Mar 2013,3286,-4026,-593,-1333,TATAPOWER,
1075,TATAPOWER,Mar 2014,6483,-3609,-3265,-392,TATAPOWER,
1076,TATAPOWER,Mar 2015,5981,-3865,-2239,-123,TATAPOWER,
1077,TATAPOWER,Mar 2016,7415,-1805,-6183,-574,TATAPOWER,
1078,TATAPOWER,Mar 2017,7014,-7373,937,579,TATAPOWER,
1079,TATAPOWER,Mar 2018,6364,-1512,-4726,126,TATAPOWER,
1080,TATAPOWER,Mar 2019,4574,-272,-5184,-883,TATAPOWER,
1081,TATAPOWER,Mar 2020,7375,-493,-5110,1773,TATAPOWER,
1082,TATAPOWER,Mar 2021,8345,993,-7603,1736,TATAPOWER,
1083,TATAPOWER,Mar 2022,6693,-6250,-1183,-741,TATAPOWER,
1084,TATAPOWER,Mar 2023,7166,-7263,1341,1243,TATAPOWER,
1085,TATAPOWER,Mar 2024,12596,-9027,-4497,-928,TATAPOWER,
1086,TATASTEEL,Mar 2013,14035,-13099,-1780,-844,TATASTEEL,
1087,TATASTEEL,Mar 2014,13146,-15378,1015,-1218,TATASTEEL,
1088,TATASTEEL,Mar 2015,11880,-9021,-2617,241,TATASTEEL,
1089,TATASTEEL,Mar 2016,11455,-8794,-4729,-2068,TATASTEEL,
1090,TATASTEEL,Mar 2017,10824,-9490,-2579,-1245,TATASTEEL,
1091,TATASTEEL,Mar 2018,8023,-11730,6640,2933,TATASTEEL,
1092,TATASTEEL,Mar 2019,25336,-29176,-673,-4513,TATASTEEL,
1093,TATASTEEL,Mar 2020,20169,-14012,-1695,4462,TATASTEEL,
1094,TATASTEEL,Mar 2021,44327,-9437,-37090,-2200,TATASTEEL,
1095,TATASTEEL,Mar 2022,44381,-10905,-23401,10075,TATASTEEL,
1096,TATASTEEL,Mar 2023,21683,-18179,-6981,-3477,TATASTEEL,
1097,TATASTEEL,Mar 2024,20301,-14253,-11097,-5049,TATASTEEL,
1098,TCS,Mar 2013,11615,-6038,-5729,-152,TCS,
1099,TCS,Mar 2014,14751,-9452,-5673,-374,TCS,
1100,TCS,Mar 2015,19369,-1807,-17168,394,TCS,
1101,TCS,Mar 2016,19109,-5010,-9666,4433,TCS,
1102,TCS,Mar 2017,25223,-16895,-11026,-2698,TCS,
1103,TCS,Mar 2018,25067,3104,-26885,1286,TCS,
1104,TCS,Mar 2019,28593,1645,-27897,2341,TCS,
1105,TCS,Mar 2020,32369,8968,-39915,1422,TCS,
1106,TCS,Mar 2021,38802,-7956,-32634,-1788,TCS,
1107,TCS,Mar 2022,39949,-738,-33581,5630,TCS,
1108,TCS,Mar 2023,41965,548,-47878,-5365,TCS,
1109,TCS,Mar 2024,44338,6091,-48536,1893,TCS,
1110,TECHM,Mar 2013,855,-622,65,298,TECHM,
1111,TECHM,Mar 2014,1596,291,-972,915,TECHM,
1112,TECHM,Mar 2015,2448,-1865,-829,-246,TECHM,
1113,TECHM,Mar 2016,3137,-1453,-496,1188,TECHM,
1114,TECHM,Mar 2017,4071,-2893,-1571,-392,TECHM,
1115,TECHM,Mar 2018,3554,-3319,-269,-35,TECHM,
1116,TECHM,Mar 2019,4432,-2104,-2251,77,TECHM,
1117,TECHM,Mar 2020,4358,1081,-4466,974,TECHM,
1118,TECHM,Mar 2021,8094,-5433,-2987,-326,TECHM,
1119,TECHM,Mar 2022,5285,480,-4667,1098,TECHM,
1120,TECHM,Mar 2023,5572,-226,-5078,267,TECHM,
1121,TECHM,Mar 2024,6376,-1318,-4767,291,TECHM,
1122,TITAN,Mar 2013,553,-142,-236,176,TITAN,
1123,TITAN,Mar 2014,-555,-271,497,-329,TITAN,
1124,TITAN,Mar 2015,503,-118,-1005,-620,TITAN,
1125,TITAN,Mar 2016,576,-159,-505,-88,TITAN,
1126,TITAN,Mar 2017,1712,-953,-166,594,TITAN,
1127,TITAN,Mar 2018,-51,98,-252,-206,TITAN,
1128,TITAN,Mar 2019,1243,-797,-489,-43,TITAN,
1129,TITAN,Mar 2020,-348,235,-242,-355,TITAN,
1130,TITAN,Mar 2021,4139,-2799,-1234,106,TITAN,
1131,TITAN,Mar 2022,-724,1165,-403,38,TITAN,
1132,TITAN,Mar 2023,1370,-1814,457,13,TITAN,
1133,TITAN,Mar 2024,1695,-189,-1329,177,TITAN,
1134,TORNTPHARM,Mar 2013,153,-247,20,-73,TORNTPHARM,
1135,TORNTPHARM,Mar 2014,599,-418,86,268,TORNTPHARM,
1136,TORNTPHARM,Mar 2015,810,-2113,1212,-90,TORNTPHARM,
1137,TORNTPHARM,Mar 2016,2742,-869,-1435,437,TORNTPHARM,
1138,TORNTPHARM,Mar 2017,1009,-798,-193,18,TORNTPHARM,
1139,TORNTPHARM,Mar 2018,894,-4677,3417,-366,TORNTPHARM,
1140,TORNTPHARM,Mar 2019,1798,-246,-1314,238,TORNTPHARM,
1141,TORNTPHARM,Mar 2020,1393,229,-1549,73,TORNTPHARM,
1142,TORNTPHARM,Mar 2021,2005,-444,-1651,-89,TORNTPHARM,
1143,TORNTPHARM,Mar 2022,1803,-196,-1781,-174,TORNTPHARM,
1144,TORNTPHARM,Mar 2023,2368,-2335,77,110,TORNTPHARM,
1145,TORNTPHARM,Mar 2024,3266,-160,-2780,327,TORNTPHARM,
1146,TRENT,Mar 2013,31,-276,147,-97,TRENT,
1147,TRENT,Mar 2014,-46,-48,-50,-145,TRENT,
1148,TRENT,Mar 2015,-10,-306,310,-6,TRENT,
1149,TRENT,Mar 2016,109,-98,-13,-2,TRENT,
1150,TRENT,Mar 2017,102,-44,-51,7,TRENT,
1151,TRENT,Mar 2018,77,-4,-74,-1,TRENT,
1152,TRENT,Mar 2019,21,-37,37,21,TRENT,
1153,TRENT,Mar 2020,361,-809,452,5,TRENT,
1154,TRENT,Mar 2021,285,18,-283,20,TRENT,
1155,TRENT,Mar 2022,58,56,-108,6,TRENT,
1156,TRENT,Mar 2023,595,-103,-491,1,TRENT,
1157,TRENT,Mar 2024,1349,-508,-629,211,TRENT,
1158,TVSMOTOR,Mar 2013,464,-120,-402,-58,TVSMOTOR,
1159,TVSMOTOR,Mar 2014,470,-235,-216,19,TVSMOTOR,
1160,TVSMOTOR,Mar 2015,83,-415,261,-71,TVSMOTOR,
1161,TVSMOTOR,Mar 2016,936,-605,-319,12,TVSMOTOR,
1162,TVSMOTOR,Mar 2017,689,-709,-59,-79,TVSMOTOR,
1163,TVSMOTOR,Mar 2018,354,-1095,897,156,TVSMOTOR,
1164,TVSMOTOR,Mar 2019,-918,-1104,2210,188,TVSMOTOR,
1165,TVSMOTOR,Mar 2020,373,-1090,1619,902,TVSMOTOR,
1166,TVSMOTOR,Mar 2021,1151,-882,264,532,TVSMOTOR,
1167,TVSMOTOR,Mar 2022,-1575,-1471,2918,532,TVSMOTOR,
1168,TVSMOTOR,Mar 2023,-4405,-1308,6118,406,TVSMOTOR,
1169,TVSMOTOR,Mar 2024,-1253,-1001,2759,505,TVSMOTOR,
1170,ULTRACEMCO,Mar 2013,3618,-4362,715,-30,ULTRACEMCO,
1171,ULTRACEMCO,Mar 2014,3455,-2342,-949,164,ULTRACEMCO,
1172,ULTRACEMCO,Mar 2015,4190,-2144,-2110,-63,ULTRACEMCO,
1173,ULTRACEMCO,Mar 2016,4526,-3673,-844,8,ULTRACEMCO,
1174,ULTRACEMCO,Mar 2017,5005,-2501,-2535,-31,ULTRACEMCO,
1175,ULTRACEMCO,Mar 2018,3888,1866,-5735,18,ULTRACEMCO,
1176,ULTRACEMCO,Mar 2019,5956,1165,-6757,364,ULTRACEMCO,
1177,ULTRACEMCO,Mar 2020,8972,-4192,-5076,-295,ULTRACEMCO,
1178,ULTRACEMCO,Mar 2021,12500,-8856,-4356,-712,ULTRACEMCO,
1179,ULTRACEMCO,Mar 2022,9283,2257,-12498,-958,ULTRACEMCO,
1180,ULTRACEMCO,Mar 2023,9069,-7188,-1631,250,ULTRACEMCO,
1181,ULTRACEMCO,Mar 2024,10898,-8789,-1926,183,ULTRACEMCO,
1182,UNIONBANK,Mar 2013,-4245,-343,5096,507,UNIONBANK,
1183,UNIONBANK,Mar 2014,2570,-363,4902,7109,UNIONBANK,
1184,UNIONBANK,Mar 2015,-3567,-318,3168,-718,UNIONBANK,
1185,UNIONBANK,Mar 2016,81,-9,-2,70,UNIONBANK,
1186,UNIONBANK,Mar 2017,-6624,-280,10194,3289,UNIONBANK,
1187,UNIONBANK,Mar 2018,6097,-315,10792,16574,UNIONBANK,
1188,UNIONBANK,Mar 2019,-7778,-297,1758,-6317,UNIONBANK,
1189,UNIONBANK,Mar 2020,-77,-4,201,121,UNIONBANK,
1190,UNIONBANK,Mar 2021,20527,-601,-18861,1066,UNIONBANK,
1191,UNIONBANK,Mar 2022,36339,-558,-786,34995,UNIONBANK,
1192,UNIONBANK,Mar 2023,6056,-2561,-10654,-7159,UNIONBANK,
1193,UNIONBANK,Mar 2024,19930,-1394,-11489,7047,UNIONBANK,
1194,UNITDSPR,Mar 2013,1969,-1121,-992,-145,UNITDSPR,
1195,UNITDSPR,Mar 2014,-552,-252,1235,431,UNITDSPR,
1196,UNITDSPR,Mar 2015,-196,3855,-4002,-343,UNITDSPR,
1197,UNITDSPR,Mar 2016,283,733,-1155,-139,UNITDSPR,
1198,UNITDSPR,Mar 2017,647,-227,-475,-56,UNITDSPR,
1199,UNITDSPR,Mar 2018,925,104,-966,63,UNITDSPR,
1200,UNITDSPR,Mar 2019,948,-66,-808,74,UNITDSPR,
1201,UNITDSPR,Mar 2020,783,-194,-740,-150,UNITDSPR,
1202,UNITDSPR,Mar 2021,1818,-99,-1707,12,UNITDSPR,
1203,UNITDSPR,Mar 2022,977,-313,-688,-23,UNITDSPR,
1204,UNITDSPR,Mar 2023,615,-55,-500,60,UNITDSPR,
1205,UNITDSPR,Mar 2024,1118,226,-407,937,UNITDSPR,
1206,VBL,Dec 2012,280,-507,229,3,VBL,
1207,VBL,Dec 2013,297,-574,274,-2,VBL,
1208,VBL,Dec 2014,431,-500,58,-11,VBL,
1209,VBL,Dec 2015,555,-300,-236,19,VBL,
1210,VBL,Dec 2016,826,-1048,230,8,VBL,
1211,VBL,Dec 2017,620,-746,159,32,VBL,
1212,VBL,Dec 2018,1000,-937,-84,-22,VBL,
1213,VBL,Dec 2019,1308,-2320,1107,95,VBL,
1214,VBL,Dec 2020,1012,-472,-574,-33,VBL,
1215,VBL,Dec 2021,1231,-1008,-178,46,VBL,
1216,VBL,Dec 2022,1790,-1769,-18,4,VBL,
1217,VBL,Dec 2023,2391,-3288,985,88,VBL,
1218,VEDL,Mar 2013,22,-311,238,-51,VEDL,
1219,VEDL,Mar 2014,15601,-2890,-5052,7659,VEDL,
1220,VEDL,Mar 2015,17805,-4133,-13956,-284,VEDL,
1221,VEDL,Mar 2016,20377,-7868,-11303,1206,VEDL,
1222,VEDL,Mar 2017,18083,2681,-12425,8339,VEDL,
1223,VEDL,Mar 2018,17366,15480,-39255,-6409,VEDL,
1224,VEDL,Mar 2019,23754,-10594,-10242,2918,VEDL,
1225,VEDL,Mar 2020,19300,-5925,-15547,-2172,VEDL,
1226,VEDL,Mar 2021,23980,-6678,-17565,-263,VEDL,
1227,VEDL,Mar 2022,34963,-2243,-28903,3817,VEDL,
1228,VEDL,Mar 2023,33065,-668,-34142,-1745,VEDL,
1229,VEDL,Mar 2024,35654,-13676,-26092,-4114,VEDL,
1230,WIPRO,Mar 2013,6394,-4536,-1140,717,WIPRO,
1231,WIPRO,Mar 2014,6790,-284,-3570,2936,WIPRO,
1232,WIPRO,Mar 2015,7840,-2537,-830,4474,WIPRO,
1233,WIPRO,Mar 2016,7887,-13761,-159,-6032,WIPRO,
1234,WIPRO,Mar 2017,9277,-11770,-2275,-4767,WIPRO,
1235,WIPRO,Mar 2018,8423,3595,-12998,-979,WIPRO,
1236,WIPRO,Mar 2019,11632,5065,-4937,11760,WIPRO,
1237,WIPRO,Mar 2020,10064,3593,-15100,-1442,WIPRO,
1238,WIPRO,Mar 2021,14755,685,-12884,2556,WIPRO,
1239,WIPRO,Mar 2022,11080,-22321,4659,-6583,WIPRO,
1240,WIPRO,Mar 2023,13060,-8169,-6088,-1197,WIPRO,
1241,WIPRO,Mar 2024,17622,1144,-18257,509,WIPRO,
1242,ZOMATO,Mar 2020,-2144,1740,359,-45,ZOMATO,
1243,ZOMATO,Mar 2021,-1018,-5245,6402,139,ZOMATO,
1244,ZOMATO,Mar 2022,-693,-7971,8750,86,ZOMATO,
1245,ZOMATO,Mar 2023,-844,797,-127,-174,ZOMATO,
1246,ZOMATO,Mar 2024,646,-348,-207,91,ZOMATO,
1247,ZYDUSLIFE,Mar 2013,603,-682,286,207,ZYDUSLIFE,
1248,ZYDUSLIFE,Mar 2014,903,-438,-529,-64,ZYDUSLIFE,
1249,ZYDUSLIFE,Mar 2015,994,-465,-351,178,ZYDUSLIFE,
1250,ZYDUSLIFE,Mar 2016,1894,-860,-935,99,ZYDUSLIFE,
1251,ZYDUSLIFE,Mar 2017,1312,-2872,2316,756,ZYDUSLIFE,
1252,ZYDUSLIFE,Mar 2018,919,-974,52,-3,ZYDUSLIFE,
1253,ZYDUSLIFE,Mar 2019,1282,-3977,1885,-811,ZYDUSLIFE,
1254,ZYDUSLIFE,Mar 2020,2932,-1004,-1528,399,ZYDUSLIFE,
1255,ZYDUSLIFE,Mar 2021,3294,-837,-2548,-90,ZYDUSLIFE,
1256,ZYDUSLIFE,Mar 2022,2104,-1018,-868,219,ZYDUSLIFE,
1257,ZYDUSLIFE,Mar 2023,2689,1542,-4400,-170,ZYDUSLIFE,
1258,ZYDUSLIFE,Mar 2024,3228,-1492,-1810,-75,ZYDUSLIFE,
